athlete_id,date,session_type,minutes,distance_m,hid_m,peak_speed_m_s,accel_hi_count,decel_hi_count,player_load
GPS_001,2025-12-01,PRACTICE,41.8,1752,352,7.43,17,30,96.8
GPS_002,2025-12-01,PRACTICE,45.2,2295,311,8.74,22,14,84.7
GPS_003,2025-12-01,PRACTICE,31.8,1996,287,7.58,9,12,58.6
GPS_004,2025-12-01,PRACTICE,34.6,1950,318,6.97,11,17,69.5
GPS_005,2025-12-01,PRACTICE,56.5,2013,245,6.6,8,14,59.2
GPS_006,2025-12-01,PRACTICE,15,994,144,7.66,11,20,60
GPS_007,2025-12-01,PRACTICE,52,3027,525,7.7,19,14,92.9
GPS_008,2025-12-01,PRACTICE,53.1,2911,498,5.86,20,27,112.1
GPS_009,2025-12-01,PRACTICE,56.2,2873,270,8.07,14,12,74.5
GPS_010,2025-12-01,PRACTICE,37.8,1640,330,7.71,12,23,77.1
GPS_011,2025-12-01,PRACTICE,50.8,2227,227,8.24,9,19,70
GPS_012,2025-12-01,PRACTICE,44.3,1880,206,7.41,26,14,83.9
GPS_001,2025-12-02,PRACTICE,35.3,1337,308,7.03,21,21,84.1
GPS_002,2025-12-02,PRACTICE,47.8,2777,619,7.6,9,19,85.3
GPS_003,2025-12-02,PRACTICE,45.9,1754,170,6.7,16,26,84.8
GPS_004,2025-12-02,PRACTICE,37.9,2157,216,8.44,14,19,76.5
GPS_005,2025-12-02,PRACTICE,37.2,1620,182,6.44,16,22,77.7
GPS_006,2025-12-02,PRACTICE,39.2,2416,375,7.7,17,16,83
GPS_007,2025-12-02,PRACTICE,47.3,2995,554,7.81,28,12,103.8
GPS_008,2025-12-02,PRACTICE,41.5,2185,457,7.21,21,23,99.3
GPS_009,2025-12-02,PRACTICE,27.8,1575,219,7.74,18,15,70.7
GPS_010,2025-12-02,PRACTICE,45.2,2506,371,6.88,10,15,71.8
GPS_011,2025-12-02,PRACTICE,38.1,1439,140,8.82,24,10,68.9
GPS_012,2025-12-02,PRACTICE,50,3047,341,8.48,19,19,96
GPS_001,2025-12-03,PRACTICE,29.3,1777,411,7.07,17,19,82.1
GPS_002,2025-12-03,PRACTICE,22,944,109,8.51,13,17,57.2
GPS_003,2025-12-03,PRACTICE,36.8,1546,174,7.64,7,18,57.3
GPS_004,2025-12-03,PRACTICE,35.3,1988,254,5.5,20,12,74.2
GPS_005,2025-12-03,PRACTICE,49.1,2018,247,8.08,15,17,74.4
GPS_006,2025-12-03,PRACTICE,22.4,1216,129,7.8,22,23,82.9
GPS_007,2025-12-03,PRACTICE,30.8,1821,283,6.59,21,10,71.8
GPS_008,2025-12-03,PRACTICE,40.7,2021,435,7.32,15,19,82.1
GPS_009,2025-12-03,PRACTICE,34.3,1748,246,8.55,13,3,47.6
GPS_010,2025-12-03,PRACTICE,40,1812,377,7.44,23,31,108.6
GPS_011,2025-12-03,PRACTICE,29.4,1449,164,8.09,19,12,65.1
GPS_012,2025-12-03,PRACTICE,33.3,1551,267,8.03,17,3,52.2
GPS_001,2025-12-04,PRACTICE,32.3,2559,558,6.68,23,18,101
GPS_002,2025-12-04,PRACTICE,23.7,1393,229,7.79,26,19,87.1
GPS_003,2025-12-04,PRACTICE,46,2961,360,7.9,7,16,73.1
GPS_004,2025-12-04,PRACTICE,36.3,1727,55,7.86,17,25,81.6
GPS_005,2025-12-04,PRACTICE,36.2,1820,273,6.37,21,24,92.5
GPS_006,2025-12-04,PRACTICE,53.6,4363,434,7.22,12,17,98
GPS_007,2025-12-04,PRACTICE,49,2146,481,5.66,12,22,84.5
GPS_008,2025-12-04,PRACTICE,34.7,1588,301,7.97,8,29,78.9
GPS_009,2025-12-04,PRACTICE,51.2,2614,455,7.81,15,10,75
GPS_010,2025-12-04,PRACTICE,38,2437,385,8.35,12,23,86.5
GPS_011,2025-12-04,PRACTICE,37.5,787,80,7.51,9,13,42.9
GPS_012,2025-12-04,PRACTICE,43.7,3240,510,7.42,25,21,114.2
GPS_001,2025-12-05,PRACTICE,43.5,1783,339,7.31,9,17,65.3
GPS_002,2025-12-05,PRACTICE,40.9,1619,373,6.68,16,18,76.5
GPS_003,2025-12-05,PRACTICE,39.4,1925,302,7.25,16,19,79.3
GPS_004,2025-12-05,PRACTICE,46.2,2745,491,6.62,19,18,95.2
GPS_005,2025-12-05,PRACTICE,52.4,2284,334,9.54,9,21,76.2
GPS_006,2025-12-05,PRACTICE,37.9,1242,86,7.45,17,21,71.6
GPS_007,2025-12-05,PRACTICE,57.2,2711,356,7,28,18,105
GPS_008,2025-12-05,PRACTICE,33.2,1859,397,7.53,24,21,96
GPS_009,2025-12-05,PRACTICE,63,3881,327,9.07,11,22,96.5
GPS_010,2025-12-05,PRACTICE,50.6,3263,461,8.19,14,14,86.2
GPS_011,2025-12-05,PRACTICE,38.2,1832,200,10,17,31,95.3
GPS_012,2025-12-05,PRACTICE,19.7,1336,109,6.58,19,9,58.1
GPS_001,2025-12-06,OFF,0,0,0,NA,0,0,0
GPS_002,2025-12-06,OFF,0,0,0,NA,0,0,0
GPS_003,2025-12-06,OFF,0,0,0,NA,0,0,0
GPS_004,2025-12-06,OFF,0,0,0,NA,0,0,0
GPS_005,2025-12-06,OFF,0,0,0,NA,0,0,0
GPS_006,2025-12-06,OFF,0,0,0,NA,0,0,0
GPS_007,2025-12-06,OFF,0,0,0,NA,0,0,0
GPS_008,2025-12-06,OFF,0,0,0,NA,0,0,0
GPS_009,2025-12-06,OFF,0,0,0,NA,0,0,0
GPS_010,2025-12-06,OFF,0,0,0,NA,0,0,0
GPS_011,2025-12-06,OFF,0,0,0,NA,0,0,0
GPS_012,2025-12-06,OFF,0,0,0,NA,0,0,0
GPS_001,2025-12-07,OFF,0,0,0,NA,0,0,0
GPS_002,2025-12-07,OFF,0,0,0,NA,0,0,0
GPS_003,2025-12-07,OFF,0,0,0,NA,0,0,0
GPS_004,2025-12-07,OFF,0,0,0,NA,0,0,0
GPS_005,2025-12-07,OFF,0,0,0,NA,0,0,0
GPS_006,2025-12-07,OFF,0,0,0,NA,0,0,0
GPS_007,2025-12-07,OFF,0,0,0,NA,0,0,0
GPS_008,2025-12-07,OFF,0,0,0,NA,0,0,0
GPS_009,2025-12-07,OFF,0,0,0,NA,0,0,0
GPS_010,2025-12-07,OFF,0,0,0,NA,0,0,0
GPS_011,2025-12-07,OFF,0,0,0,NA,0,0,0
GPS_012,2025-12-07,OFF,0,0,0,NA,0,0,0
GPS_001,2025-12-08,PRACTICE,32.2,1857,399,7.93,18,7,66
GPS_002,2025-12-08,PRACTICE,58.1,3697,806,7.6,12,12,93.1
GPS_003,2025-12-08,PRACTICE,41.9,1953,184,6.64,17,9,63.1
GPS_004,2025-12-08,PRACTICE,24.3,1518,156,8.28,17,9,58.1
GPS_005,2025-12-08,PRACTICE,41.5,2602,292,7.08,25,23,105.3
GPS_006,2025-12-08,PRACTICE,42.5,2222,287,6.48,18,16,80.4
GPS_007,2025-12-08,PRACTICE,33.9,1649,119,6.82,21,21,82.5
GPS_008,2025-12-08,PRACTICE,34.8,1758,307,6.83,19,7,64.3
GPS_009,2025-12-08,PRACTICE,41.6,1364,127,8.09,11,8,45.3
GPS_010,2025-12-08,PRACTICE,50.8,2967,515,9.34,12,27,101
GPS_011,2025-12-08,PRACTICE,33.2,1858,194,7.89,14,17,69.9
GPS_012,2025-12-08,PRACTICE,49.5,2520,446,7.49,9,23,84.3
GPS_001,2025-12-09,PRACTICE,22.4,536,115,7.85,21,14,60.7
GPS_002,2025-12-09,PRACTICE,62.9,3495,458,6.83,15,18,95.9
GPS_003,2025-12-09,PRACTICE,50.1,2927,425,7.1,16,16,87.9
GPS_004,2025-12-09,PRACTICE,35.5,1536,161,7.78,17,20,74.9
GPS_005,2025-12-09,PRACTICE,40.9,2581,354,7.01,22,26,106.7
GPS_006,2025-12-09,PRACTICE,29.1,1702,159,7.09,14,13,61.5
GPS_007,2025-12-09,PRACTICE,32.2,1289,220,6.68,10,24,69.4
GPS_008,2025-12-09,PRACTICE,45.1,1915,331,8.11,19,23,90.4
GPS_009,2025-12-09,PRACTICE,20.3,1020,121,8.22,9,15,49.2
GPS_010,2025-12-09,PRACTICE,49.1,2068,479,8.32,14,10,68.6
GPS_011,2025-12-09,PRACTICE,50.8,2108,160,8.03,16,26,88.1
GPS_012,2025-12-09,PRACTICE,43.3,2890,374,8.4,6,9,60.7
GPS_001,2025-12-10,PRACTICE,33.7,1361,233,9.32,15,14,62.9
GPS_002,2025-12-10,PRACTICE,48.7,2688,305,7.39,22,7,78
GPS_003,2025-12-10,PRACTICE,39.9,1441,201,7.29,19,18,74.9
GPS_004,2025-12-10,PRACTICE,60.6,3179,452,6.99,19,13,91.1
GPS_005,2025-12-10,PRACTICE,47.3,2764,482,9.2,15,17,87.7
GPS_006,2025-12-10,PRACTICE,61.5,3948,376,7.78,18,10,90.9
GPS_007,2025-12-10,PRACTICE,35.6,1451,324,6.5,13,28,84.1
GPS_008,2025-12-10,PRACTICE,54.1,2417,309,7.69,23,15,88.9
GPS_009,2025-12-10,PRACTICE,52.2,3230,399,7.25,14,12,81.3
GPS_010,2025-12-10,PRACTICE,48.7,2858,502,7.65,25,18,105.6
GPS_011,2025-12-10,PRACTICE,60.6,2998,475,6.98,4,18,74.9
GPS_012,2025-12-10,PRACTICE,54.4,2882,249,7.4,13,15,77
GPS_001,2025-12-11,PRACTICE,53.6,2537,428,8.29,17,3,66.1
GPS_002,2025-12-11,PRACTICE,56.5,3387,797,6.38,26,17,118.3
GPS_003,2025-12-11,PRACTICE,34.5,1936,256,6.41,10,13,60.2
GPS_004,2025-12-11,PRACTICE,49.2,2536,387,7.36,17,7,71
GPS_005,2025-12-11,PRACTICE,55.3,2413,294,6.54,12,29,93
GPS_006,2025-12-11,PRACTICE,22.3,1238,211,7.48,11,21,65.7
GPS_007,2025-12-11,PRACTICE,55.1,2726,435,9.3,21,31,116.1
GPS_008,2025-12-11,PRACTICE,30.7,1015,138,7.17,15,21,67.6
GPS_009,2025-12-11,PRACTICE,26.5,1126,173,7.1,9,19,57.6
GPS_010,2025-12-11,PRACTICE,40.9,1423,262,5.4,16,8,56.8
GPS_011,2025-12-11,PRACTICE,24,1495,164,7.82,18,12,64.1
GPS_012,2025-12-11,PRACTICE,33.9,2317,194,6.23,11,14,65.5
GPS_001,2025-12-12,PRACTICE,50.9,3930,776,7.45,14,15,102.2
GPS_002,2025-12-12,PRACTICE,42.9,3213,559,7.73,23,13,100.1
GPS_003,2025-12-12,PRACTICE,55.5,2475,71,5.95,14,27,88
GPS_004,2025-12-12,PRACTICE,44.9,1766,328,8.96,1,23,61.9
GPS_005,2025-12-12,PRACTICE,24,1104,137,6.66,20,17,70
GPS_006,2025-12-12,PRACTICE,29.9,1971,245,8.2,12,14,64.8
GPS_007,2025-12-12,PRACTICE,43.7,1837,286,6.9,16,27,90
GPS_008,2025-12-12,PRACTICE,37.5,1690,241,6.36,19,25,88.9
GPS_009,2025-12-12,PRACTICE,51.5,2301,235,6.76,2,8,43.9
GPS_010,2025-12-12,PRACTICE,43.6,2161,496,7.49,25,16,95.5
GPS_011,2025-12-12,PRACTICE,30.3,1804,143,7.3,26,12,78.6
GPS_012,2025-12-12,PRACTICE,36.2,1327,117,7.65,11,15,55.2
GPS_001,2025-12-13,OFF,0,0,0,NA,0,0,0
GPS_002,2025-12-13,OFF,0,0,0,NA,0,0,0
GPS_003,2025-12-13,OFF,0,0,0,NA,0,0,0
GPS_004,2025-12-13,OFF,0,0,0,NA,0,0,0
GPS_005,2025-12-13,OFF,0,0,0,NA,0,0,0
GPS_006,2025-12-13,OFF,0,0,0,NA,0,0,0
GPS_007,2025-12-13,OFF,0,0,0,NA,0,0,0
GPS_008,2025-12-13,OFF,0,0,0,NA,0,0,0
GPS_009,2025-12-13,OFF,0,0,0,NA,0,0,0
GPS_010,2025-12-13,OFF,0,0,0,NA,0,0,0
GPS_011,2025-12-13,OFF,0,0,0,NA,0,0,0
GPS_012,2025-12-13,OFF,0,0,0,NA,0,0,0
GPS_001,2025-12-14,OFF,0,0,0,NA,0,0,0
GPS_002,2025-12-14,OFF,0,0,0,NA,0,0,0
GPS_003,2025-12-14,OFF,0,0,0,NA,0,0,0
GPS_004,2025-12-14,OFF,0,0,0,NA,0,0,0
GPS_005,2025-12-14,OFF,0,0,0,NA,0,0,0
GPS_006,2025-12-14,OFF,0,0,0,NA,0,0,0
GPS_007,2025-12-14,OFF,0,0,0,NA,0,0,0
GPS_008,2025-12-14,OFF,0,0,0,NA,0,0,0
GPS_009,2025-12-14,OFF,0,0,0,NA,0,0,0
GPS_010,2025-12-14,OFF,0,0,0,NA,0,0,0
GPS_011,2025-12-14,OFF,0,0,0,NA,0,0,0
GPS_012,2025-12-14,OFF,0,0,0,NA,0,0,0
GPS_001,2025-12-15,PRACTICE,15,473,108,7.52,6,18,43.4
GPS_002,2025-12-15,PRACTICE,61,1726,264,7.75,21,28,97.4
GPS_003,2025-12-15,PRACTICE,36.6,2254,241,9.21,16,13,72
GPS_004,2025-12-15,PRACTICE,32.9,1756,239,8.19,12,23,76
GPS_005,2025-12-15,PRACTICE,35.4,2001,245,6.22,16,6,59.1
GPS_006,2025-12-15,PRACTICE,53.3,1645,199,6.46,13,24,76.9
GPS_007,2025-12-15,PRACTICE,49.8,2540,601,7.31,21,17,97.4
GPS_008,2025-12-15,PRACTICE,55.9,2991,622,7.8,8,13,76.9
GPS_009,2025-12-15,PRACTICE,44.9,3138,390,8.19,22,27,114.6
GPS_010,2025-12-15,PRACTICE,40.8,1843,439,8.17,13,15,71.4
GPS_011,2025-12-15,PRACTICE,39.4,2398,264,7.33,19,21,90.6
GPS_012,2025-12-15,PRACTICE,25.6,1339,197,8.99,11,21,66.3
GPS_001,2025-12-16,PRACTICE,44.7,2785,464,6.8,19,14,88.9
GPS_002,2025-12-16,PRACTICE,38.5,2086,274,7.53,6,18,63.7
GPS_003,2025-12-16,PRACTICE,38,2056,254,7.39,9,13,59.9
GPS_004,2025-12-16,PRACTICE,53.1,2693,347,6.7,23,3,74.6
GPS_005,2025-12-16,PRACTICE,54.7,2923,383,7.29,1,12,58.3
GPS_006,2025-12-16,PRACTICE,67.8,3619,635,8.33,19,2,83.6
GPS_007,2025-12-16,PRACTICE,46.9,2377,209,8.22,15,16,75.5
GPS_008,2025-12-16,PRACTICE,41,2089,273,6.47,9,19,69.7
GPS_009,2025-12-16,PRACTICE,32.5,1994,236,7.7,12,18,70.8
GPS_010,2025-12-16,PRACTICE,41.6,2105,143,7.86,17,7,60.6
GPS_011,2025-12-16,PRACTICE,60.1,2627,325,8.52,14,24,91.4
GPS_012,2025-12-16,PRACTICE,39.5,2036,173,6.92,18,14,72.7
GPS_001,2025-12-17,PRACTICE,59.9,2349,515,7.8,18,7,73.9
GPS_002,2025-12-17,PRACTICE,39.7,2798,534,7.52,28,14,104.3
GPS_003,2025-12-17,PRACTICE,44.2,3480,571,6.34,13,22,101.6
GPS_004,2025-12-17,PRACTICE,68,3555,496,7.29,19,22,109.5
GPS_005,2025-12-17,PRACTICE,42.3,2223,382,7.45,14,20,82.8
GPS_006,2025-12-17,PRACTICE,26.7,1128,106,7.76,8,5,33.4
GPS_007,2025-12-17,PRACTICE,34.9,1946,359,9.2,18,29,98.9
GPS_008,2025-12-17,PRACTICE,30.9,1940,392,8.56,6,25,75.7
GPS_009,2025-12-17,PRACTICE,42.9,2607,235,8.2,20,14,82.9
GPS_010,2025-12-17,PRACTICE,36,1887,363,7.11,16,22,84.9
GPS_011,2025-12-17,PRACTICE,46,3021,338,7.35,19,6,76.2
GPS_012,2025-12-17,PRACTICE,59.1,4196,580,7.45,10,17,97
GPS_001,2025-12-18,PRACTICE,31.7,1563,217,7.82,13,26,79.5
GPS_002,2025-12-18,PRACTICE,31.4,1790,457,6.63,10,20,74.3
GPS_003,2025-12-18,PRACTICE,39.3,2540,199,7.87,21,26,100.9
GPS_004,2025-12-18,PRACTICE,51.3,2537,255,6.67,7,1,43.8
GPS_005,2025-12-18,PRACTICE,45.9,2476,390,9.33,20,16,88.5
GPS_006,2025-12-18,PRACTICE,43.1,1762,216,7.33,17,22,81.5
GPS_007,2025-12-18,PRACTICE,58.5,2531,441,7.14,20,15,88.8
GPS_008,2025-12-18,PRACTICE,39.2,1074,163,7.54,17,18,67.3
GPS_009,2025-12-18,PRACTICE,61.4,2779,420,6.65,20,17,93.8
GPS_010,2025-12-18,PRACTICE,26.1,1227,216,7.48,15,20,70.2
GPS_011,2025-12-18,PRACTICE,45,2863,206,6.82,10,17,74.3
GPS_012,2025-12-18,PRACTICE,51.5,2112,302,6.77,4,16,58.7
GPS_001,2025-12-19,PRACTICE,54,2784,439,7.42,24,15,97.3
GPS_002,2025-12-19,PRACTICE,26.8,1288,251,7.71,23,16,77.7
GPS_003,2025-12-19,PRACTICE,35.4,1717,180,7.45,6,18,57.7
GPS_004,2025-12-19,PRACTICE,21.7,1172,139,6.53,22,10,63.2
GPS_005,2025-12-19,PRACTICE,39.5,2696,265,6.89,12,14,72.6
GPS_006,2025-12-19,PRACTICE,36.7,1483,141,7.04,18,20,75.3
GPS_007,2025-12-19,PRACTICE,52.4,3121,486,8.18,12,14,82.4
GPS_008,2025-12-19,PRACTICE,46.4,2096,392,7.25,24,18,93.8
GPS_009,2025-12-19,PRACTICE,38.9,1581,195,7.69,23,33,104.7
GPS_010,2025-12-19,PRACTICE,56.3,3457,619,7.07,22,21,114.6
GPS_011,2025-12-19,PRACTICE,40.5,1580,181,8.37,13,8,51.8
GPS_012,2025-12-19,PRACTICE,55.8,2373,318,6.65,13,18,78.2
GPS_001,2025-12-20,OFF,0,0,0,NA,0,0,0
GPS_002,2025-12-20,OFF,0,0,0,NA,0,0,0
GPS_003,2025-12-20,OFF,0,0,0,NA,0,0,0
GPS_004,2025-12-20,OFF,0,0,0,NA,0,0,0
GPS_005,2025-12-20,OFF,0,0,0,NA,0,0,0
GPS_006,2025-12-20,OFF,0,0,0,NA,0,0,0
GPS_007,2025-12-20,OFF,0,0,0,NA,0,0,0
GPS_008,2025-12-20,OFF,0,0,0,NA,0,0,0
GPS_009,2025-12-20,OFF,0,0,0,NA,0,0,0
GPS_010,2025-12-20,OFF,0,0,0,NA,0,0,0
GPS_011,2025-12-20,OFF,0,0,0,NA,0,0,0
GPS_012,2025-12-20,OFF,0,0,0,NA,0,0,0
GPS_001,2025-12-21,OFF,0,0,0,NA,0,0,0
GPS_002,2025-12-21,OFF,0,0,0,NA,0,0,0
GPS_003,2025-12-21,OFF,0,0,0,NA,0,0,0
GPS_004,2025-12-21,OFF,0,0,0,NA,0,0,0
GPS_005,2025-12-21,OFF,0,0,0,NA,0,0,0
GPS_006,2025-12-21,OFF,0,0,0,NA,0,0,0
GPS_007,2025-12-21,OFF,0,0,0,NA,0,0,0
GPS_008,2025-12-21,OFF,0,0,0,NA,0,0,0
GPS_009,2025-12-21,OFF,0,0,0,NA,0,0,0
GPS_010,2025-12-21,OFF,0,0,0,NA,0,0,0
GPS_011,2025-12-21,OFF,0,0,0,NA,0,0,0
GPS_012,2025-12-21,OFF,0,0,0,NA,0,0,0
GPS_001,2025-12-22,PRACTICE,25.6,1451,240,6.55,8,2,35.5
GPS_002,2025-12-22,PRACTICE,29.1,1985,462,7.12,14,14,73.4
GPS_003,2025-12-22,PRACTICE,43.3,1965,159,7.53,9,25,74.6
GPS_004,2025-12-22,PRACTICE,44.7,2323,335,5.64,14,12,70.6
GPS_005,2025-12-22,PRACTICE,39.1,2315,314,7.19,17,13,76
GPS_006,2025-12-22,PRACTICE,42.5,2392,293,8.66,19,12,77.7
GPS_007,2025-12-22,PRACTICE,38.7,1556,229,7.33,14,8,54.3
GPS_008,2025-12-22,PRACTICE,37.6,1386,148,6.46,15,16,64.1
GPS_009,2025-12-22,PRACTICE,65.6,1759,211,7.71,15,11,61.9
GPS_010,2025-12-22,PRACTICE,42.9,2546,470,5.95,13,20,86.7
GPS_011,2025-12-22,PRACTICE,54.8,3224,478,7.06,15,10,81.7
GPS_012,2025-12-22,PRACTICE,69.5,3644,345,6.98,7,11,72.1
GPS_001,2025-12-23,PRACTICE,28.1,2074,364,6.02,8,14,62.8
GPS_002,2025-12-23,PRACTICE,40.6,2247,520,7.63,14,21,88
GPS_003,2025-12-23,PRACTICE,42,1985,169,7.86,6,17,58.6
GPS_004,2025-12-23,PRACTICE,54.7,3541,420,8.31,19,23,108.9
GPS_005,2025-12-23,PRACTICE,38.6,2430,318,8.75,8,15,66.7
GPS_006,2025-12-23,PRACTICE,45.3,2042,275,7.08,15,12,67.8
GPS_007,2025-12-23,PRACTICE,43.9,2337,274,8.13,15,5,60.2
GPS_008,2025-12-23,PRACTICE,45.9,2840,488,7.06,26,21,111.1
GPS_009,2025-12-23,PRACTICE,35.3,2203,298,7.75,10,26,83.5
GPS_010,2025-12-23,PRACTICE,69,3528,467,6.83,8,16,83
GPS_011,2025-12-23,PRACTICE,30,1171,145,7.44,25,20,82.8
GPS_012,2025-12-23,PRACTICE,38.7,2710,361,8.49,5,13,63.1
GPS_001,2025-12-24,PRACTICE,46.4,2501,408,7.73,13,17,80.2
GPS_002,2025-12-24,PRACTICE,46.5,2216,560,7.18,21,24,103.7
GPS_003,2025-12-24,PRACTICE,29.7,1465,238,5.76,15,16,67.1
GPS_004,2025-12-24,PRACTICE,40.4,1937,192,7.66,16,11,64.7
GPS_005,2025-12-24,PRACTICE,27.3,944,169,9.04,23,12,66.2
GPS_006,2025-12-24,PRACTICE,51.6,2618,394,6.76,18,5,70.5
GPS_007,2025-12-24,PRACTICE,32.3,2034,344,7.24,8,10,55.9
GPS_008,2025-12-24,PRACTICE,30.2,2308,427,8.26,16,11,74.3
GPS_009,2025-12-24,PRACTICE,41.9,1966,252,8.82,11,22,75.4
GPS_010,2025-12-24,PRACTICE,28.8,1455,342,6.89,19,12,69.6
GPS_011,2025-12-24,PRACTICE,44.2,2628,339,7.08,16,21,90.2
GPS_012,2025-12-24,PRACTICE,36.2,1835,187,6.09,15,22,78.5
GPS_001,2025-12-25,PRACTICE,35.4,1659,289,7.67,5,22,64.3
GPS_002,2025-12-25,PRACTICE,25.3,1237,206,8.57,19,17,71.5
GPS_003,2025-12-25,PRACTICE,16,877,93,7.49,17,30,81.6
GPS_004,2025-12-25,PRACTICE,53.7,1554,173,8.23,7,20,60.4
GPS_005,2025-12-25,PRACTICE,60.5,2767,443,7.6,11,27,95.7
GPS_006,2025-12-25,PRACTICE,55.2,2973,283,7.77,12,24,90.8
GPS_007,2025-12-25,PRACTICE,41.1,2376,335,8.33,19,25,98.1
GPS_008,2025-12-25,PRACTICE,43.5,1838,412,8,7,10,54.2
GPS_009,2025-12-25,PRACTICE,45.7,2113,268,6.02,8,11,56.3
GPS_010,2025-12-25,PRACTICE,38.5,1338,137,8.49,18,17,69.3
GPS_011,2025-12-25,PRACTICE,47.2,2706,276,7.55,16,15,80.5
GPS_012,2025-12-25,PRACTICE,50.7,3000,316,9.35,13,18,84.4
GPS_001,2025-12-26,PRACTICE,51.9,2687,588,9.55,17,8,79.1
GPS_002,2025-12-26,PRACTICE,54.2,2863,538,6.79,14,19,91.6
GPS_003,2025-12-26,PRACTICE,37.6,982,151,9.03,5,14,42.1
GPS_004,2025-12-26,PRACTICE,45.5,3065,383,7.71,9,12,71.7
GPS_005,2025-12-26,PRACTICE,40.9,2016,312,7.22,18,10,70
GPS_006,2025-12-26,PRACTICE,28.5,1316,172,7.6,9,13,50.5
GPS_007,2025-12-26,PRACTICE,32.5,1711,534,7.92,23,25,102.5
GPS_008,2025-12-26,PRACTICE,39,2295,344,7.42,24,19,96.1
GPS_009,2025-12-26,PRACTICE,44.8,3092,487,6.78,7,12,71.6
GPS_010,2025-12-26,PRACTICE,54.9,3104,643,7.75,21,17,104.1
GPS_011,2025-12-26,PRACTICE,50.6,2060,288,6.65,16,26,90.8
GPS_012,2025-12-26,PRACTICE,28.9,1493,174,7.43,17,9,58.3
GPS_001,2025-12-27,OFF,0,0,0,NA,0,0,0
GPS_002,2025-12-27,OFF,0,0,0,NA,0,0,0
GPS_003,2025-12-27,OFF,0,0,0,NA,0,0,0
GPS_004,2025-12-27,OFF,0,0,0,NA,0,0,0
GPS_005,2025-12-27,OFF,0,0,0,NA,0,0,0
GPS_006,2025-12-27,OFF,0,0,0,NA,0,0,0
GPS_007,2025-12-27,OFF,0,0,0,NA,0,0,0
GPS_008,2025-12-27,OFF,0,0,0,NA,0,0,0
GPS_009,2025-12-27,OFF,0,0,0,NA,0,0,0
GPS_010,2025-12-27,OFF,0,0,0,NA,0,0,0
GPS_011,2025-12-27,OFF,0,0,0,NA,0,0,0
GPS_012,2025-12-27,OFF,0,0,0,NA,0,0,0
GPS_001,2025-12-28,OFF,0,0,0,NA,0,0,0
GPS_002,2025-12-28,OFF,0,0,0,NA,0,0,0
GPS_003,2025-12-28,OFF,0,0,0,NA,0,0,0
GPS_004,2025-12-28,OFF,0,0,0,NA,0,0,0
GPS_005,2025-12-28,OFF,0,0,0,NA,0,0,0
GPS_006,2025-12-28,OFF,0,0,0,NA,0,0,0
GPS_007,2025-12-28,OFF,0,0,0,NA,0,0,0
GPS_008,2025-12-28,OFF,0,0,0,NA,0,0,0
GPS_009,2025-12-28,OFF,0,0,0,NA,0,0,0
GPS_010,2025-12-28,OFF,0,0,0,NA,0,0,0
GPS_011,2025-12-28,OFF,0,0,0,NA,0,0,0
GPS_012,2025-12-28,OFF,0,0,0,NA,0,0,0
GPS_001,2025-12-29,PRACTICE,40.7,2310,356,8.71,23,17,92
GPS_002,2025-12-29,PRACTICE,46.3,2476,468,7.9,5,24,80
GPS_003,2025-12-29,PRACTICE,33.1,2158,251,5.38,18,16,78.9
GPS_004,2025-12-29,PRACTICE,57.4,3104,292,8.64,21,13,89.3
GPS_005,2025-12-29,PRACTICE,45.2,2852,277,6.32,18,16,86.5
GPS_006,2025-12-29,PRACTICE,46.5,2730,443,8.77,14,24,95.4
GPS_007,2025-12-29,PRACTICE,50.5,2201,371,7.43,12,12,67.3
GPS_008,2025-12-29,PRACTICE,51.7,1904,289,6.84,14,21,78.8
GPS_009,2025-12-29,PRACTICE,47.7,2485,327,6.18,16,24,93
GPS_010,2025-12-29,PRACTICE,66.9,5053,856,8.26,14,33,142.4
GPS_011,2025-12-29,PRACTICE,35.7,2158,76,7.21,16,2,50.5
GPS_012,2025-12-29,PRACTICE,58.4,3386,482,7.37,19,12,92.4
GPS_001,2025-12-30,PRACTICE,27.8,1645,330,7.6,20,18,81.7
GPS_002,2025-12-30,PRACTICE,36.7,2421,641,7.27,15,12,80.7
GPS_003,2025-12-30,PRACTICE,37,2597,329,6.55,10,25,86.7
GPS_004,2025-12-30,PRACTICE,32.6,2040,248,5.59,15,27,89.6
GPS_005,2025-12-30,PRACTICE,43.1,2850,330,8.18,16,17,86.3
GPS_006,2025-12-30,PRACTICE,48.8,3094,501,8.25,4,14,70.5
GPS_007,2025-12-30,PRACTICE,33.4,2245,370,7.27,5,23,73.7
GPS_008,2025-12-30,PRACTICE,45.8,2960,483,6.99,14,5,70.2
GPS_009,2025-12-30,PRACTICE,48.6,1737,204,8.31,11,14,60
GPS_010,2025-12-30,PRACTICE,43,1919,383,6.89,13,17,73.8
GPS_011,2025-12-30,PRACTICE,33.6,1679,184,7.96,12,30,84.4
GPS_012,2025-12-30,PRACTICE,30.4,1591,159,6.41,3,7,34.9
GPS_001,2025-12-31,PRACTICE,33.1,2417,364,8.22,14,16,78.3
GPS_002,2025-12-31,PRACTICE,47.5,2686,451,7.74,13,10,72.6
GPS_003,2025-12-31,PRACTICE,60.7,3867,307,7.5,14,12,85.4
GPS_004,2025-12-31,PRACTICE,35.7,1773,157,7.31,11,17,63.7
GPS_005,2025-12-31,PRACTICE,57.5,3129,382,8.44,23,20,105.3
GPS_006,2025-12-31,PRACTICE,31.1,1575,151,8.44,13,15,61.5
GPS_007,2025-12-31,PRACTICE,36,1831,332,8.54,12,23,79.1
GPS_008,2025-12-31,PRACTICE,41.2,2937,544,9.41,16,15,89.5
GPS_009,2025-12-31,PRACTICE,37.5,2089,224,6.98,16,10,65.5
GPS_010,2025-12-31,PRACTICE,43.9,2472,439,6.74,18,22,95.7
GPS_011,2025-12-31,PRACTICE,50.8,2643,332,9.16,6,9,57.2
GPS_012,2025-12-31,PRACTICE,53,2449,191,7.65,20,13,78.8
GPS_001,2026-01-01,PRACTICE,50,2519,398,8.52,15,11,74.1
GPS_002,2026-01-01,PRACTICE,26.2,1041,199,7.69,16,14,60.4
GPS_003,2026-01-01,PRACTICE,35.8,1872,199,6.42,13,24,79.2
GPS_004,2026-01-01,PRACTICE,38.3,1707,180,8.37,13,27,81.6
GPS_005,2026-01-01,PRACTICE,49.3,3202,310,7.98,17,17,90.8
GPS_006,2026-01-01,PRACTICE,25.6,1747,156,6.54,17,23,81.4
GPS_007,2026-01-01,PRACTICE,34.9,1403,228,7.14,15,23,76.7
GPS_008,2026-01-01,PRACTICE,49,1906,513,7.24,19,10,75.4
GPS_009,2026-01-01,PRACTICE,52,2467,324,7.52,22,17,91.3
GPS_010,2026-01-01,PRACTICE,45.1,2337,385,7.06,10,23,82.5
GPS_011,2026-01-01,PRACTICE,59.7,3214,342,7.07,13,16,84.2
GPS_012,2026-01-01,PRACTICE,16.7,1014,62,7.67,15,15,56.7
GPS_001,2026-01-02,PRACTICE,44.4,1858,394,7.57,8,6,49.4
GPS_002,2026-01-02,PRACTICE,41.3,2274,654,5.72,20,13,88.6
GPS_003,2026-01-02,PRACTICE,31.5,1442,161,6.83,15,24,76.9
GPS_004,2026-01-02,PRACTICE,36.1,1668,250,7.23,9,23,70.9
GPS_005,2026-01-02,PRACTICE,44.5,2594,204,7.91,17,17,82
GPS_006,2026-01-02,PRACTICE,54.7,2946,375,7.93,14,16,83.8
GPS_007,2026-01-02,PRACTICE,44.6,2677,260,7.17,13,12,70.8
GPS_008,2026-01-02,PRACTICE,48.9,2142,266,6.85,11,17,70.1
GPS_009,2026-01-02,PRACTICE,32.2,1722,334,7.15,26,13,84.1
GPS_010,2026-01-02,PRACTICE,37.3,1890,375,7.42,22,12,79.3
GPS_011,2026-01-02,PRACTICE,41.6,2630,318,7.3,12,11,68.8
GPS_012,2026-01-02,PRACTICE,43.5,2271,312,7.38,17,28,98
GPS_001,2026-01-03,OFF,0,0,0,NA,0,0,0
GPS_002,2026-01-03,OFF,0,0,0,NA,0,0,0
GPS_003,2026-01-03,OFF,0,0,0,NA,0,0,0
GPS_004,2026-01-03,OFF,0,0,0,NA,0,0,0
GPS_005,2026-01-03,OFF,0,0,0,NA,0,0,0
GPS_006,2026-01-03,OFF,0,0,0,NA,0,0,0
GPS_007,2026-01-03,OFF,0,0,0,NA,0,0,0
GPS_008,2026-01-03,OFF,0,0,0,NA,0,0,0
GPS_009,2026-01-03,OFF,0,0,0,NA,0,0,0
GPS_010,2026-01-03,OFF,0,0,0,NA,0,0,0
GPS_011,2026-01-03,OFF,0,0,0,NA,0,0,0
GPS_012,2026-01-03,OFF,0,0,0,NA,0,0,0
GPS_001,2026-01-04,OFF,0,0,0,NA,0,0,0
GPS_002,2026-01-04,OFF,0,0,0,NA,0,0,0
GPS_003,2026-01-04,OFF,0,0,0,NA,0,0,0
GPS_004,2026-01-04,OFF,0,0,0,NA,0,0,0
GPS_005,2026-01-04,OFF,0,0,0,NA,0,0,0
GPS_006,2026-01-04,OFF,0,0,0,NA,0,0,0
GPS_007,2026-01-04,OFF,0,0,0,NA,0,0,0
GPS_008,2026-01-04,OFF,0,0,0,NA,0,0,0
GPS_009,2026-01-04,OFF,0,0,0,NA,0,0,0
GPS_010,2026-01-04,OFF,0,0,0,NA,0,0,0
GPS_011,2026-01-04,OFF,0,0,0,NA,0,0,0
GPS_012,2026-01-04,OFF,0,0,0,NA,0,0,0
GPS_001,2026-01-05,PRACTICE,34.1,1768,344,8.54,16,16,74.3
GPS_002,2026-01-05,PRACTICE,50.2,2992,646,6.96,12,15,86.6
GPS_003,2026-01-05,PRACTICE,44.4,2579,284,8.46,16,15,79.4
GPS_004,2026-01-05,PRACTICE,34.3,1662,158,8.18,10,15,58.1
GPS_005,2026-01-05,PRACTICE,41.3,2858,526,7.94,18,23,103.2
GPS_006,2026-01-05,PRACTICE,38.1,2353,498,6.79,15,13,78
GPS_007,2026-01-05,PRACTICE,49,2147,244,8.16,11,15,66.6
GPS_008,2026-01-05,PRACTICE,46.3,3010,538,8.05,11,12,78
GPS_009,2026-01-05,PRACTICE,22.8,1081,159,8.57,13,16,58.3
GPS_010,2026-01-05,PRACTICE,59.3,1483,229,6.85,17,6,55.1
GPS_011,2026-01-05,PRACTICE,19.6,984,92,7.42,16,36,90.1
GPS_012,2026-01-05,PRACTICE,49.2,2105,186,6.86,15,9,61.7
GPS_001,2026-01-06,PRACTICE,34.1,1646,281,6.13,11,19,68.5
GPS_002,2026-01-06,PRACTICE,53.2,2458,510,7.25,22,28,112.3
GPS_003,2026-01-06,PRACTICE,46.2,1239,84,7.88,17,22,73
GPS_004,2026-01-06,PRACTICE,56.5,2670,284,7.82,13,18,80.3
GPS_005,2026-01-06,PRACTICE,40.1,2513,306,6.27,15,15,77.8
GPS_006,2026-01-06,PRACTICE,16.5,574,82,8.53,18,15,57.3
GPS_007,2026-01-06,PRACTICE,39.6,2680,570,8.24,5,15,71
GPS_008,2026-01-06,PRACTICE,43.1,2956,604,6.92,8,6,65.7
GPS_009,2026-01-06,PRACTICE,54.8,2331,183,7.96,10,15,65.4
GPS_010,2026-01-06,PRACTICE,29.7,2275,425,6.09,20,12,81.4
GPS_011,2026-01-06,PRACTICE,39.2,1606,244,6.77,14,5,50.6
GPS_012,2026-01-06,PRACTICE,37.2,2011,194,8.17,19,15,76
GPS_001,2026-01-07,PRACTICE,57.8,2795,457,7.16,13,11,75.4
GPS_002,2026-01-07,PRACTICE,25,1641,241,6.87,22,11,71.9
GPS_003,2026-01-07,PRACTICE,53.1,2090,347,7.65,22,14,83.6
GPS_004,2026-01-07,PRACTICE,54.1,2580,343,6.71,17,6,68.9
GPS_005,2026-01-07,PRACTICE,40.8,1504,212,6.14,8,9,45.8
GPS_006,2026-01-07,PRACTICE,51,3125,247,7.63,14,12,76.4
GPS_007,2026-01-07,PRACTICE,47.4,2771,507,7.34,8,12,70.4
GPS_008,2026-01-07,PRACTICE,34.5,1764,440,7.34,7,23,73.6
GPS_009,2026-01-07,PRACTICE,34.7,1529,175,8.11,11,10,51.2
GPS_010,2026-01-07,PRACTICE,20.8,878,132,7.21,20,11,58.6
GPS_011,2026-01-07,PRACTICE,58.6,3133,337,7.27,22,17,98.3
GPS_012,2026-01-07,PRACTICE,55.6,2103,201,6.35,17,18,78.6
GPS_001,2026-01-08,PRACTICE,55.3,4101,683,6,19,23,121.1
GPS_002,2026-01-08,PRACTICE,41.8,1712,431,7.13,11,17,69.9
GPS_003,2026-01-08,PRACTICE,35.9,1856,164,6.44,14,16,67.7
GPS_004,2026-01-08,PRACTICE,24.6,1138,234,7.56,8,21,60.7
GPS_005,2026-01-08,PRACTICE,36,1790,240,7.22,14,14,65.9
GPS_006,2026-01-08,PRACTICE,32.5,1677,221,8.46,28,27,104.8
GPS_007,2026-01-08,PRACTICE,27.7,1609,343,7.1,17,11,66.7
GPS_008,2026-01-08,PRACTICE,45.2,1982,248,7.19,16,12,68
GPS_009,2026-01-08,PRACTICE,37,1567,228,7.03,24,11,73.9
GPS_010,2026-01-08,PRACTICE,46.7,2837,661,7.29,26,17,109.4
GPS_011,2026-01-08,PRACTICE,33.9,2493,165,7.26,16,21,84.6
GPS_012,2026-01-08,PRACTICE,63.6,3821,587,8.03,21,17,109.9
GPS_001,2026-01-09,PRACTICE,69.1,3953,535,6.43,11,9,82.9
GPS_002,2026-01-09,PRACTICE,57.7,3146,658,7.71,3,21,83.9
GPS_003,2026-01-09,PRACTICE,40.9,2183,233,7.32,15,27,90.7
GPS_004,2026-01-09,PRACTICE,48.8,1574,190,9,12,20,68.5
GPS_005,2026-01-09,PRACTICE,27.3,1595,274,6.23,21,9,67.8
GPS_006,2026-01-09,PRACTICE,28,1321,122,6.48,21,23,82.3
GPS_007,2026-01-09,PRACTICE,37.3,2076,451,7.37,18,8,71
GPS_008,2026-01-09,PRACTICE,59.8,4080,655,8.16,18,17,109.7
GPS_009,2026-01-09,PRACTICE,39.7,2024,186,7.89,18,14,72.9
GPS_010,2026-01-09,PRACTICE,51.7,3029,667,6.98,16,22,104
GPS_011,2026-01-09,PRACTICE,41.5,1868,237,7.52,15,21,78.6
GPS_012,2026-01-09,PRACTICE,38.4,2580,235,5.92,13,12,69.2
GPS_001,2026-01-10,OFF,0,0,0,NA,0,0,0
GPS_002,2026-01-10,OFF,0,0,0,NA,0,0,0
GPS_003,2026-01-10,OFF,0,0,0,NA,0,0,0
GPS_004,2026-01-10,OFF,0,0,0,NA,0,0,0
GPS_005,2026-01-10,OFF,0,0,0,NA,0,0,0
GPS_006,2026-01-10,OFF,0,0,0,NA,0,0,0
GPS_007,2026-01-10,OFF,0,0,0,NA,0,0,0
GPS_008,2026-01-10,OFF,0,0,0,NA,0,0,0
GPS_009,2026-01-10,OFF,0,0,0,NA,0,0,0
GPS_010,2026-01-10,OFF,0,0,0,NA,0,0,0
GPS_011,2026-01-10,OFF,0,0,0,NA,0,0,0
GPS_012,2026-01-10,OFF,0,0,0,NA,0,0,0
GPS_001,2026-01-11,OFF,0,0,0,NA,0,0,0
GPS_002,2026-01-11,OFF,0,0,0,NA,0,0,0
GPS_003,2026-01-11,OFF,0,0,0,NA,0,0,0
GPS_004,2026-01-11,OFF,0,0,0,NA,0,0,0
GPS_005,2026-01-11,OFF,0,0,0,NA,0,0,0
GPS_006,2026-01-11,OFF,0,0,0,NA,0,0,0
GPS_007,2026-01-11,OFF,0,0,0,NA,0,0,0
GPS_008,2026-01-11,OFF,0,0,0,NA,0,0,0
GPS_009,2026-01-11,OFF,0,0,0,NA,0,0,0
GPS_010,2026-01-11,OFF,0,0,0,NA,0,0,0
GPS_011,2026-01-11,OFF,0,0,0,NA,0,0,0
GPS_012,2026-01-11,OFF,0,0,0,NA,0,0,0
GPS_001,2026-01-12,PRACTICE,40.1,1895,410,6.66,16,20,83.2
GPS_002,2026-01-12,PRACTICE,39.2,2283,298,7.7,13,15,72.3
GPS_003,2026-01-12,PRACTICE,36.5,2170,263,7.31,11,19,73.3
GPS_004,2026-01-12,PRACTICE,34.9,1788,154,8.21,7,15,54.7
GPS_005,2026-01-12,PRACTICE,40.4,2314,417,8.72,19,17,87.6
GPS_006,2026-01-12,PRACTICE,52.2,2266,282,6.42,13,25,86.7
GPS_007,2026-01-12,PRACTICE,61.6,3990,731,8.08,11,4,80.7
GPS_008,2026-01-12,PRACTICE,52.7,2717,573,7.53,7,19,80.5
GPS_009,2026-01-12,PRACTICE,42.5,1415,162,7.55,23,19,81.2
GPS_010,2026-01-12,PRACTICE,29.4,1402,323,8.38,19,19,79.1
GPS_011,2026-01-12,PRACTICE,51.5,2854,360,7.92,17,8,75
GPS_012,2026-01-12,PRACTICE,57.4,3377,258,7.45,16,27,104.7
GPS_001,2026-01-13,PRACTICE,40.1,1617,386,7.26,14,29,108.3
GPS_002,2026-01-13,PRACTICE,40,2124,311,7.25,14,12,68
GPS_003,2026-01-13,PRACTICE,55.1,2832,368,7.43,21,17,94.5
GPS_004,2026-01-13,PRACTICE,43.9,2087,193,6.89,11,14,63.2
GPS_005,2026-01-13,PRACTICE,65.8,2800,343,8.46,27,16,101.1
GPS_006,2026-01-13,PRACTICE,41.5,1585,171,7.93,11,15,59.1
GPS_007,2026-01-13,PRACTICE,25,1374,247,8.04,23,24,90.4
GPS_008,2026-01-13,PRACTICE,53.1,2170,288,7.64,12,25,84.4
GPS_009,2026-01-13,PRACTICE,45.8,2024,243,7.67,18,12,71.3
GPS_010,2026-01-13,PRACTICE,39.2,2378,505,7.6,10,25,88.9
GPS_011,2026-01-13,PRACTICE,28.8,1357,110,8.48,13,18,62.8
GPS_012,2026-01-13,PRACTICE,51.2,2855,342,7.19,9,14,71.6
GPS_001,2026-01-14,PRACTICE,48.2,3052,684,6.63,14,17,121.9
GPS_002,2026-01-14,PRACTICE,44.9,2452,553,7.99,19,20,96.8
GPS_003,2026-01-14,PRACTICE,58.3,3109,266,8.15,23,17,97.7
GPS_004,2026-01-14,PRACTICE,30.8,1424,213,6.44,6,33,78.1
GPS_005,2026-01-14,PRACTICE,44.2,1964,272,8.19,20,19,84.9
GPS_006,2026-01-14,PRACTICE,39.4,1710,193,7.17,23,8,68.4
GPS_007,2026-01-14,PRACTICE,47.4,2666,623,7.35,16,14,87.2
GPS_008,2026-01-14,PRACTICE,46.6,1537,353,7.98,12,15,64.7
GPS_009,2026-01-14,PRACTICE,40.8,2320,119,7.47,20,13,75.7
GPS_010,2026-01-14,PRACTICE,26.3,1055,201,8.73,21,11,63.6
GPS_011,2026-01-14,PRACTICE,42.5,2307,387,8.33,17,17,83.7
GPS_012,2026-01-14,PRACTICE,57.5,3786,387,6.35,20,23,112
GPS_001,2026-01-15,PRACTICE,21.4,1238,200,7.72,13,0,44.3
GPS_002,2026-01-15,PRACTICE,36.3,1804,459,7.66,27,20,100
GPS_003,2026-01-15,PRACTICE,47.3,2638,393,7.03,6,23,79.7
GPS_004,2026-01-15,PRACTICE,30.5,1071,82,9.16,14,21,65.3
GPS_005,2026-01-15,PRACTICE,31.2,1458,175,5.53,13,12,56.5
GPS_006,2026-01-15,PRACTICE,31.4,1559,139,6.78,9,8,44.6
GPS_007,2026-01-15,PRACTICE,33.8,823,141,8.19,17,27,77.7
GPS_008,2026-01-15,PRACTICE,45.8,3252,591,6.57,10,23,96.8
GPS_009,2026-01-15,PRACTICE,63,3524,404,6.47,17,3,75.3
GPS_010,2026-01-15,PRACTICE,47.8,3037,508,6.75,16,7,77.6
GPS_011,2026-01-15,PRACTICE,33.5,1752,146,7.17,15,10,58.7
GPS_012,2026-01-15,PRACTICE,36.2,2082,226,6.9,11,8,55
GPS_001,2026-01-16,PRACTICE,30.6,2220,554,7.82,16,29,125.2
GPS_002,2026-01-16,PRACTICE,34.4,1818,308,6.18,17,26,90.4
GPS_003,2026-01-16,PRACTICE,34.7,1937,165,9.11,16,19,76
GPS_004,2026-01-16,PRACTICE,56.8,3309,400,7.82,16,18,94.1
GPS_005,2026-01-16,PRACTICE,48.7,2753,207,7.53,16,15,79.2
GPS_006,2026-01-16,PRACTICE,24,1420,135,6.5,15,12,58.1
GPS_007,2026-01-16,PRACTICE,50.7,2535,654,8.09,8,17,79.2
GPS_008,2026-01-16,PRACTICE,55.4,2730,278,7.53,5,31,88.3
GPS_009,2026-01-16,PRACTICE,39.6,1597,177,7.16,20,8,62.4
GPS_010,2026-01-16,PRACTICE,56.3,2757,641,7.4,11,25,97.6
GPS_011,2026-01-16,PRACTICE,45.6,2194,140,6.99,14,25,83.9
GPS_012,2026-01-16,PRACTICE,48.7,2264,143,6.46,14,16,71.2
GPS_001,2026-01-17,OFF,0,0,0,NA,0,0,0
GPS_002,2026-01-17,OFF,0,0,0,NA,0,0,0
GPS_003,2026-01-17,OFF,0,0,0,NA,0,0,0
GPS_004,2026-01-17,OFF,0,0,0,NA,0,0,0
GPS_005,2026-01-17,OFF,0,0,0,NA,0,0,0
GPS_006,2026-01-17,OFF,0,0,0,NA,0,0,0
GPS_007,2026-01-17,OFF,0,0,0,NA,0,0,0
GPS_008,2026-01-17,OFF,0,0,0,NA,0,0,0
GPS_009,2026-01-17,OFF,0,0,0,NA,0,0,0
GPS_010,2026-01-17,OFF,0,0,0,NA,0,0,0
GPS_011,2026-01-17,OFF,0,0,0,NA,0,0,0
GPS_012,2026-01-17,OFF,0,0,0,NA,0,0,0
GPS_001,2026-01-18,OFF,0,0,0,NA,0,0,0
GPS_002,2026-01-18,OFF,0,0,0,NA,0,0,0
GPS_003,2026-01-18,OFF,0,0,0,NA,0,0,0
GPS_004,2026-01-18,OFF,0,0,0,NA,0,0,0
GPS_005,2026-01-18,OFF,0,0,0,NA,0,0,0
GPS_006,2026-01-18,OFF,0,0,0,NA,0,0,0
GPS_007,2026-01-18,OFF,0,0,0,NA,0,0,0
GPS_008,2026-01-18,OFF,0,0,0,NA,0,0,0
GPS_009,2026-01-18,OFF,0,0,0,NA,0,0,0
GPS_010,2026-01-18,OFF,0,0,0,NA,0,0,0
GPS_011,2026-01-18,OFF,0,0,0,NA,0,0,0
GPS_012,2026-01-18,OFF,0,0,0,NA,0,0,0
GPS_001,2026-01-19,PRACTICE,38.9,2311,340,7.19,20,25,126.3
GPS_002,2026-01-19,PRACTICE,41.6,1380,186,8.46,23,16,77
GPS_003,2026-01-19,PRACTICE,43.1,1575,237,7.78,24,7,68.2
GPS_004,2026-01-19,PRACTICE,39.6,1967,338,9.18,13,11,64.1
GPS_005,2026-01-19,PRACTICE,67.1,2895,376,6.53,7,15,71.4
GPS_006,2026-01-19,PRACTICE,41.9,2363,326,6.25,21,17,88.8
GPS_007,2026-01-19,PRACTICE,30.6,1518,264,8.04,13,16,65.3
GPS_008,2026-01-19,PRACTICE,45.3,2106,547,7.16,8,7,57.2
GPS_009,2026-01-19,PRACTICE,53.5,3624,339,6.56,20,12,92.7
GPS_010,2026-01-19,PRACTICE,31.3,963,107,6.25,20,15,64.8
GPS_011,2026-01-19,PRACTICE,59.5,4624,748,6.85,14,23,120.4
GPS_012,2026-01-19,PRACTICE,44.9,2465,348,7.45,0,4,39.3
GPS_001,2026-01-20,PRACTICE,40.1,1799,317,8.18,15,11,75.9
GPS_002,2026-01-20,PRACTICE,51.1,2090,513,7.92,17,8,71.2
GPS_003,2026-01-20,PRACTICE,27.3,1126,124,7.44,14,27,75.9
GPS_004,2026-01-20,PRACTICE,57.6,3455,324,7.55,19,11,87.6
GPS_005,2026-01-20,PRACTICE,35.8,2261,318,7.19,20,32,108.6
GPS_006,2026-01-20,PRACTICE,32.7,1477,118,7.49,16,23,76.2
GPS_007,2026-01-20,PRACTICE,36.5,2342,528,8.21,19,29,108.6
GPS_008,2026-01-20,PRACTICE,42.3,2323,248,6.77,10,6,53.4
GPS_009,2026-01-20,PRACTICE,32.1,1473,202,6.5,4,16,49.8
GPS_010,2026-01-20,PRACTICE,15.8,1048,170,6.86,8,32,74.7
GPS_011,2026-01-20,PRACTICE,43.5,2630,397,7.29,10,20,81.2
GPS_012,2026-01-20,PRACTICE,51,2014,370,7.43,6,14,59.4
GPS_001,2026-01-21,PRACTICE,39.8,2441,405,7.91,26,13,108.5
GPS_002,2026-01-21,PRACTICE,46.2,3073,389,6.61,11,21,88.4
GPS_003,2026-01-21,PRACTICE,50,2513,275,7.27,16,7,66.5
GPS_004,2026-01-21,PRACTICE,31.9,1475,228,6.84,12,23,72.9
GPS_005,2026-01-21,PRACTICE,59.9,3647,618,6.66,25,7,99.9
GPS_006,2026-01-21,PRACTICE,33.4,2299,258,9.06,16,13,72.9
GPS_007,2026-01-21,PRACTICE,42.5,2032,182,7.03,25,15,84.9
GPS_008,2026-01-21,PRACTICE,61.1,3488,744,8.04,9,19,95.5
GPS_009,2026-01-21,PRACTICE,44.5,3178,252,6.24,18,24,101.1
GPS_010,2026-01-21,PRACTICE,41.7,2083,266,8.19,7,23,72.5
GPS_011,2026-01-21,PRACTICE,30.1,1465,211,6.1,15,15,64.9
GPS_012,2026-01-21,PRACTICE,29.8,1356,160,9.12,9,7,41.6
GPS_001,2026-01-22,PRACTICE,36.3,1491,266,7.23,14,28,95.7
GPS_002,2026-01-22,PRACTICE,37.4,1433,196,7.55,18,7,56.7
GPS_003,2026-01-22,PRACTICE,59.5,3492,456,8.52,23,24,116.8
GPS_004,2026-01-22,PRACTICE,36.1,1784,249,8.35,10,14,60.1
GPS_005,2026-01-22,PRACTICE,30,1129,148,6.67,20,15,67.5
GPS_006,2026-01-22,PRACTICE,49.4,2862,282,6.89,20,31,112.2
GPS_007,2026-01-22,PRACTICE,43.7,2016,366,8.18,11,18,72.8
GPS_008,2026-01-22,PRACTICE,43.2,1490,328,6.99,34,20,104.1
GPS_009,2026-01-22,PRACTICE,57.7,2625,206,7.08,13,27,91.4
GPS_010,2026-01-22,PRACTICE,52.7,2177,416,7.2,14,13,72.7
GPS_011,2026-01-22,PRACTICE,54.3,2807,354,5.49,16,16,84.9
GPS_012,2026-01-22,PRACTICE,39.4,2380,211,8.15,0,23,63.6
GPS_001,2026-01-23,PRACTICE,40.2,2532,435,7.72,24,20,118.9
GPS_002,2026-01-23,PRACTICE,41.1,2369,459,7.67,19,12,81.7
GPS_003,2026-01-23,PRACTICE,33.3,1479,131,8.45,15,13,60.1
GPS_004,2026-01-23,PRACTICE,29.5,1699,303,6.22,26,12,81.6
GPS_005,2026-01-23,PRACTICE,46.1,1899,229,8.46,19,20,83.2
GPS_006,2026-01-23,PRACTICE,40.1,2404,204,7.97,17,15,77.1
GPS_007,2026-01-23,PRACTICE,42,2134,549,9.09,8,24,83.1
GPS_008,2026-01-23,PRACTICE,54.4,2625,379,7.98,24,21,103.2
GPS_009,2026-01-23,PRACTICE,34.8,2049,195,6.66,15,11,64.4
GPS_010,2026-01-23,PRACTICE,62.6,3521,695,6.04,17,19,106.6
GPS_011,2026-01-23,PRACTICE,37.4,1207,126,6.92,27,15,78.2
GPS_012,2026-01-23,PRACTICE,50.2,1589,211,7.49,18,16,72.2
GPS_001,2026-01-24,OFF,0,0,0,NA,0,0,0
GPS_002,2026-01-24,OFF,0,0,0,NA,0,0,0
GPS_003,2026-01-24,OFF,0,0,0,NA,0,0,0
GPS_004,2026-01-24,OFF,0,0,0,NA,0,0,0
GPS_005,2026-01-24,OFF,0,0,0,NA,0,0,0
GPS_006,2026-01-24,OFF,0,0,0,NA,0,0,0
GPS_007,2026-01-24,OFF,0,0,0,NA,0,0,0
GPS_008,2026-01-24,OFF,0,0,0,NA,0,0,0
GPS_009,2026-01-24,OFF,0,0,0,NA,0,0,0
GPS_010,2026-01-24,OFF,0,0,0,NA,0,0,0
GPS_011,2026-01-24,OFF,0,0,0,NA,0,0,0
GPS_012,2026-01-24,OFF,0,0,0,NA,0,0,0
GPS_001,2026-01-25,OFF,0,0,0,NA,0,0,0
GPS_002,2026-01-25,OFF,0,0,0,NA,0,0,0
GPS_003,2026-01-25,OFF,0,0,0,NA,0,0,0
GPS_004,2026-01-25,OFF,0,0,0,NA,0,0,0
GPS_005,2026-01-25,OFF,0,0,0,NA,0,0,0
GPS_006,2026-01-25,OFF,0,0,0,NA,0,0,0
GPS_007,2026-01-25,OFF,0,0,0,NA,0,0,0
GPS_008,2026-01-25,OFF,0,0,0,NA,0,0,0
GPS_009,2026-01-25,OFF,0,0,0,NA,0,0,0
GPS_010,2026-01-25,OFF,0,0,0,NA,0,0,0
GPS_011,2026-01-25,OFF,0,0,0,NA,0,0,0
GPS_012,2026-01-25,OFF,0,0,0,NA,0,0,0
GPS_001,2026-01-26,PRACTICE,37.8,2491,581,6.8,11,12,86.6
GPS_002,2026-01-26,PRACTICE,52.7,3283,437,7.23,18,16,94.7
GPS_003,2026-01-26,PRACTICE,33.6,2146,273,7.2,6,14,58.3
GPS_004,2026-01-26,PRACTICE,38.9,2388,310,8.61,6,5,48.1
GPS_005,2026-01-26,PRACTICE,16.8,1034,128,8.81,4,19,48
GPS_006,2026-01-26,PRACTICE,44,1857,155,8.19,15,27,85.4
GPS_007,2026-01-26,PRACTICE,48.6,1640,153,6.49,23,23,89.2
GPS_008,2026-01-26,PRACTICE,23.9,1795,375,7.41,25,25,102.3
GPS_009,2026-01-26,PRACTICE,68.7,3166,451,7.1,10,12,75.9
GPS_010,2026-01-26,PRACTICE,32.2,2260,559,9.46,13,16,80.1
GPS_011,2026-01-26,PRACTICE,28.4,1009,120,7.6,10,22,61.1
GPS_012,2026-01-26,PRACTICE,38.5,1961,290,8.47,17,14,73.3
GPS_001,2026-01-27,PRACTICE,45.1,2308,546,6.72,17,20,115.9
GPS_002,2026-01-27,PRACTICE,37.4,2028,240,8.73,20,4,62.3
GPS_003,2026-01-27,PRACTICE,47.2,2006,270,8.31,5,15,56.8
GPS_004,2026-01-27,PRACTICE,32.6,1605,270,7.59,7,19,61.8
GPS_005,2026-01-27,PRACTICE,49.7,3031,518,7.86,12,32,109.3
GPS_006,2026-01-27,PRACTICE,43.3,2249,270,6.67,11,15,68.2
GPS_007,2026-01-27,PRACTICE,61.8,2877,425,7.04,18,20,96.4
GPS_008,2026-01-27,PRACTICE,46,2190,352,7.39,14,22,84.7
GPS_009,2026-01-27,PRACTICE,41.5,3269,565,8.21,6,3,60.3
GPS_010,2026-01-27,PRACTICE,43.4,1969,462,8.05,22,13,83.7
GPS_011,2026-01-27,PRACTICE,47.8,2829,258,7.76,18,25,99.2
GPS_012,2026-01-27,PRACTICE,33.5,2211,213,6.56,11,12,61.9
GPS_001,2026-01-28,PRACTICE,31.4,1297,263,7.06,8,19,69.2
GPS_002,2026-01-28,PRACTICE,51,2482,278,6.65,13,20,81.3
GPS_003,2026-01-28,PRACTICE,42.9,2438,262,7.18,9,12,62.4
GPS_004,2026-01-28,PRACTICE,26.4,1726,237,6.43,24,25,96.7
GPS_005,2026-01-28,PRACTICE,31.9,2053,225,6.6,14,17,72.7
GPS_006,2026-01-28,PRACTICE,43.1,2232,314,7.27,15,9,66.2
GPS_007,2026-01-28,PRACTICE,54.4,3062,542,5.67,20,10,89.2
GPS_008,2026-01-28,PRACTICE,44,2401,521,7.27,18,25,101.5
GPS_009,2026-01-28,PRACTICE,41.9,2318,377,7.07,25,21,101.6
GPS_010,2026-01-28,PRACTICE,37.1,1876,418,7.43,18,23,90.7
GPS_011,2026-01-28,PRACTICE,34.4,1135,144,5.8,26,16,77.9
GPS_012,2026-01-28,PRACTICE,35.3,1752,111,7.84,12,27,78.8
GPS_001,2026-01-29,PRACTICE,46.7,2591,326,8.6,7,20,86
GPS_002,2026-01-29,PRACTICE,35.9,2027,427,6.13,14,18,78.9
GPS_003,2026-01-29,PRACTICE,44,2294,311,6.33,17,24,92.2
GPS_004,2026-01-29,PRACTICE,38.8,2206,245,8.78,20,12,76.2
GPS_005,2026-01-29,PRACTICE,43.7,2180,257,7.65,22,18,88.2
GPS_006,2026-01-29,PRACTICE,52.7,1810,235,7.17,14,23,79.5
GPS_007,2026-01-29,PRACTICE,50.4,2546,341,8.45,14,27,95.5
GPS_008,2026-01-29,PRACTICE,41.5,2124,240,6.4,13,25,84.2
GPS_009,2026-01-29,PRACTICE,31.6,870,106,8.44,19,12,57.8
GPS_010,2026-01-29,PRACTICE,48,2983,715,6.33,6,13,76.2
GPS_011,2026-01-29,PRACTICE,43.4,1776,186,8.89,20,14,73.4
GPS_012,2026-01-29,PRACTICE,31.4,1849,209,7.15,8,16,59.7
GPS_001,2026-01-30,PRACTICE,52.5,2892,581,7.83,20,15,106.8
GPS_002,2026-01-30,PRACTICE,51.2,2166,382,9.02,14,24,88.2
GPS_003,2026-01-30,PRACTICE,34.7,1911,274,7.28,25,19,92
GPS_004,2026-01-30,PRACTICE,70.2,4623,718,7.58,8,18,103.2
GPS_005,2026-01-30,PRACTICE,15,816,94,5.66,13,10,45
GPS_006,2026-01-30,PRACTICE,48.8,2413,204,7.32,17,16,78.7
GPS_007,2026-01-30,PRACTICE,37,1956,462,8.04,17,13,76.1
GPS_008,2026-01-30,PRACTICE,44,2165,377,7.98,7,6,50.6
GPS_009,2026-01-30,PRACTICE,31,1111,99,6.97,15,19,64.6
GPS_010,2026-01-30,PRACTICE,39.4,2136,662,6.6,7,14,69.4
GPS_011,2026-01-30,PRACTICE,35.6,1522,198,7.47,18,30,92.2
GPS_012,2026-01-30,PRACTICE,47.2,1697,139,9.1,13,14,60.9
GPS_001,2026-01-31,OFF,0,0,0,NA,0,0,0
GPS_002,2026-01-31,OFF,0,0,0,NA,0,0,0
GPS_003,2026-01-31,OFF,0,0,0,NA,0,0,0
GPS_004,2026-01-31,OFF,0,0,0,NA,0,0,0
GPS_005,2026-01-31,OFF,0,0,0,NA,0,0,0
GPS_006,2026-01-31,OFF,0,0,0,NA,0,0,0
GPS_007,2026-01-31,OFF,0,0,0,NA,0,0,0
GPS_008,2026-01-31,OFF,0,0,0,NA,0,0,0
GPS_009,2026-01-31,OFF,0,0,0,NA,0,0,0
GPS_010,2026-01-31,OFF,0,0,0,NA,0,0,0
GPS_011,2026-01-31,OFF,0,0,0,NA,0,0,0
GPS_012,2026-01-31,OFF,0,0,0,NA,0,0,0
GPS_001,2026-02-01,OFF,0,0,0,NA,0,0,0
GPS_002,2026-02-01,OFF,0,0,0,NA,0,0,0
GPS_003,2026-02-01,OFF,0,0,0,NA,0,0,0
GPS_004,2026-02-01,OFF,0,0,0,NA,0,0,0
GPS_005,2026-02-01,OFF,0,0,0,NA,0,0,0
GPS_006,2026-02-01,OFF,0,0,0,NA,0,0,0
GPS_007,2026-02-01,OFF,0,0,0,NA,0,0,0
GPS_008,2026-02-01,OFF,0,0,0,NA,0,0,0
GPS_009,2026-02-01,OFF,0,0,0,NA,0,0,0
GPS_010,2026-02-01,OFF,0,0,0,NA,0,0,0
GPS_011,2026-02-01,OFF,0,0,0,NA,0,0,0
GPS_012,2026-02-01,OFF,0,0,0,NA,0,0,0
GPS_001,2026-02-02,PRACTICE,47,2810,652,6.07,6,19,98
GPS_002,2026-02-02,PRACTICE,29.4,1419,252,7.65,32,24,104.5
GPS_003,2026-02-02,PRACTICE,45.2,2806,236,6.65,7,32,92.5
GPS_004,2026-02-02,PRACTICE,60.2,2555,259,8.12,16,6,65
GPS_005,2026-02-02,PRACTICE,19.3,795,100,6.94,16,23,68.9
GPS_006,2026-02-02,PRACTICE,40.7,2684,299,8.16,14,18,82.3
GPS_007,2026-02-02,PRACTICE,31.8,1914,332,6.54,6,27,76.9
GPS_008,2026-02-02,PRACTICE,52.1,2641,574,6.67,10,16,79.8
GPS_009,2026-02-02,PRACTICE,42.1,2430,392,7.3,22,27,107.6
GPS_010,2026-02-02,PRACTICE,45.7,2426,532,7.99,16,0,61.6
GPS_011,2026-02-02,PRACTICE,43.9,2338,322,7.91,15,11,70.4
GPS_012,2026-02-02,PRACTICE,44.4,2105,235,7.07,17,23,86.9
GPS_001,2026-02-03,PRACTICE,45.5,2515,408,6.72,16,23,110.8
GPS_002,2026-02-03,PRACTICE,31.8,1629,264,8.05,16,14,67.9
GPS_003,2026-02-03,PRACTICE,55.5,3655,337,7.42,20,15,97.5
GPS_004,2026-02-03,PRACTICE,58.1,2022,335,7.98,19,16,81.1
GPS_005,2026-02-03,PRACTICE,40.4,2402,378,9.08,23,27,108.5
GPS_006,2026-02-03,PRACTICE,40.1,1870,255,7.61,15,8,59.6
GPS_007,2026-02-03,PRACTICE,22.7,1060,190,8.61,17,16,64.8
GPS_008,2026-02-03,PRACTICE,43.7,2273,374,6.57,3,16,60.6
GPS_009,2026-02-03,PRACTICE,18.3,1231,101,7.45,23,27,89.8
GPS_010,2026-02-03,PRACTICE,39.9,1496,257,7.3,20,18,78.4
GPS_011,2026-02-03,PRACTICE,26.4,1133,156,6.28,14,17,61.7
GPS_012,2026-02-03,PRACTICE,33.5,1683,170,7.87,26,13,79.6
GPS_001,2026-02-04,PRACTICE,40.3,2188,475,6.55,14,6,79.5
GPS_002,2026-02-04,PRACTICE,47.5,2591,361,7.9,17,17,85.9
GPS_003,2026-02-04,PRACTICE,56.7,4151,384,6.87,7,13,81.1
GPS_004,2026-02-04,PRACTICE,37.5,2059,244,7.06,17,7,62.7
GPS_005,2026-02-04,PRACTICE,39.8,2059,243,7.2,11,16,67.2
GPS_006,2026-02-04,PRACTICE,39.6,2152,225,6.33,12,14,66.2
GPS_007,2026-02-04,PRACTICE,36.8,1586,198,8.34,26,17,85.3
GPS_008,2026-02-04,PRACTICE,38.8,2336,320,7.1,22,18,91.4
GPS_009,2026-02-04,PRACTICE,49.5,2211,352,8.21,12,19,77.4
GPS_010,2026-02-04,PRACTICE,60.4,2584,429,7.35,21,15,90.6
GPS_011,2026-02-04,PRACTICE,58.5,3333,489,7.36,21,23,111.6
GPS_012,2026-02-04,PRACTICE,40.8,2382,219,6.59,19,31,104.3
GPS_001,2026-02-05,PRACTICE,48.1,1730,382,7.94,15,12,87
GPS_002,2026-02-05,PRACTICE,35.9,2389,542,7.54,17,18,89.9
GPS_003,2026-02-05,PRACTICE,26.2,818,76,7.13,20,25,77.6
GPS_004,2026-02-05,PRACTICE,47.4,2998,374,8.13,13,24,94.8
GPS_005,2026-02-05,PRACTICE,45.9,2440,215,7.8,24,22,98.8
GPS_006,2026-02-05,PRACTICE,58.8,3812,413,7.55,15,8,82.9
GPS_007,2026-02-05,PRACTICE,40.2,2351,431,7.51,22,16,91.3
GPS_008,2026-02-05,PRACTICE,24,1633,243,8.41,17,12,65.9
GPS_009,2026-02-05,PRACTICE,45,2362,242,7.41,12,3,52.2
GPS_010,2026-02-05,PRACTICE,26.1,1604,302,9.12,15,2,49.1
GPS_011,2026-02-05,PRACTICE,30.3,1238,164,7.87,18,24,79.5
GPS_012,2026-02-05,PRACTICE,37.1,1908,229,7.33,12,27,83.3
GPS_001,2026-02-06,PRACTICE,37.3,2508,360,8.39,12,14,90
GPS_002,2026-02-06,PRACTICE,27.5,1651,340,6.34,19,4,59.5
GPS_003,2026-02-06,PRACTICE,53,1954,257,8.49,19,26,93.5
GPS_004,2026-02-06,PRACTICE,45.2,2088,213,5.9,22,11,75.7
GPS_005,2026-02-06,PRACTICE,32.4,1742,283,8.27,18,18,78.5
GPS_006,2026-02-06,PRACTICE,33.1,1437,196,8.53,21,23,85.3
GPS_007,2026-02-06,PRACTICE,29.1,1293,242,6.16,13,16,62.5
GPS_008,2026-02-06,PRACTICE,45.7,3211,696,7.23,25,27,127.5
GPS_009,2026-02-06,PRACTICE,51.2,2113,313,6.68,19,11,74
GPS_010,2026-02-06,PRACTICE,37.2,2040,444,7.52,14,9,66
GPS_011,2026-02-06,PRACTICE,52.7,3233,363,6.92,13,21,92.4
GPS_012,2026-02-06,PRACTICE,38.6,2113,199,7.1,8,11,54.6
GPS_001,2026-02-07,OFF,0,0,0,NA,0,0,0
GPS_002,2026-02-07,OFF,0,0,0,NA,0,0,0
GPS_003,2026-02-07,OFF,0,0,0,NA,0,0,0
GPS_004,2026-02-07,OFF,0,0,0,NA,0,0,0
GPS_005,2026-02-07,OFF,0,0,0,NA,0,0,0
GPS_006,2026-02-07,OFF,0,0,0,NA,0,0,0
GPS_007,2026-02-07,OFF,0,0,0,NA,0,0,0
GPS_008,2026-02-07,OFF,0,0,0,NA,0,0,0
GPS_009,2026-02-07,OFF,0,0,0,NA,0,0,0
GPS_010,2026-02-07,OFF,0,0,0,NA,0,0,0
GPS_011,2026-02-07,OFF,0,0,0,NA,0,0,0
GPS_012,2026-02-07,OFF,0,0,0,NA,0,0,0
GPS_001,2026-02-08,OFF,0,0,0,NA,0,0,0
GPS_002,2026-02-08,OFF,0,0,0,NA,0,0,0
GPS_003,2026-02-08,OFF,0,0,0,NA,0,0,0
GPS_004,2026-02-08,OFF,0,0,0,NA,0,0,0
GPS_005,2026-02-08,OFF,0,0,0,NA,0,0,0
GPS_006,2026-02-08,OFF,0,0,0,NA,0,0,0
GPS_007,2026-02-08,OFF,0,0,0,NA,0,0,0
GPS_008,2026-02-08,OFF,0,0,0,NA,0,0,0
GPS_009,2026-02-08,OFF,0,0,0,NA,0,0,0
GPS_010,2026-02-08,OFF,0,0,0,NA,0,0,0
GPS_011,2026-02-08,OFF,0,0,0,NA,0,0,0
GPS_012,2026-02-08,OFF,0,0,0,NA,0,0,0
GPS_001,2026-02-09,PRACTICE,30.5,1501,281,5.76,18,14,77.6
GPS_002,2026-02-09,PRACTICE,55.6,3071,396,7.87,20,14,91.6
GPS_003,2026-02-09,PRACTICE,33.5,1943,211,6.22,6,20,63.7
GPS_004,2026-02-09,PRACTICE,38.4,1258,108,6.53,14,12,54.3
GPS_005,2026-02-09,PRACTICE,33.3,1864,299,6,15,18,75.6
GPS_006,2026-02-09,PRACTICE,53.3,2270,249,8.03,18,24,91.9
GPS_007,2026-02-09,PRACTICE,28.1,2034,308,6.55,11,11,61
GPS_008,2026-02-09,PRACTICE,49.8,2969,294,6.24,19,19,94.1
GPS_009,2026-02-09,PRACTICE,52.3,3414,378,5.48,14,24,100.6
GPS_010,2026-02-09,PRACTICE,38,1886,159,8.55,12,5,48.3
GPS_011,2026-02-09,PRACTICE,28.3,1513,202,7.16,8,10,47.2
GPS_012,2026-02-09,PRACTICE,49.6,2778,437,6.59,2,28,83.7
GPS_001,2026-02-10,PRACTICE,31.8,1797,330,6.92,13,27,104.7
GPS_002,2026-02-10,PRACTICE,32.7,1387,223,6.1,25,20,87
GPS_003,2026-02-10,PRACTICE,34.8,1744,181,8.67,19,16,74.5
GPS_004,2026-02-10,PRACTICE,32.2,1276,177,7.11,11,26,72.7
GPS_005,2026-02-10,PRACTICE,59.4,4035,343,7.04,17,18,101.4
GPS_006,2026-02-10,PRACTICE,48.4,2428,291,8.11,5,15,61.5
GPS_007,2026-02-10,PRACTICE,45.6,2729,521,8.28,20,15,92.8
GPS_008,2026-02-10,PRACTICE,36,1832,389,8.09,13,16,71.6
GPS_009,2026-02-10,PRACTICE,53,3213,324,6.81,9,29,97.2
GPS_010,2026-02-10,PRACTICE,31.3,1765,364,6.25,8,13,58.2
GPS_011,2026-02-10,PRACTICE,39.8,2526,265,6.88,24,24,103.9
GPS_012,2026-02-10,PRACTICE,53.6,3325,469,7.36,13,23,99
GPS_001,2026-02-11,PRACTICE,32.2,1854,477,7.21,15,5,73
GPS_002,2026-02-11,PRACTICE,42.4,2048,414,8.24,9,21,75.8
GPS_003,2026-02-11,PRACTICE,33.9,1623,165,8.02,14,26,80.3
GPS_004,2026-02-11,PRACTICE,37.9,2215,247,7.14,23,18,89.8
GPS_005,2026-02-11,PRACTICE,41.4,1828,130,7.84,9,21,66.5
GPS_006,2026-02-11,PRACTICE,40,2588,189,7.49,14,4,57.6
GPS_007,2026-02-11,PRACTICE,52.1,3082,496,7.52,26,16,106.2
GPS_008,2026-02-11,PRACTICE,48.6,2802,278,7.7,12,21,84.5
GPS_009,2026-02-11,PRACTICE,50.6,2694,387,8.84,24,16,96.6
GPS_010,2026-02-11,PRACTICE,50.9,3190,565,7.35,14,14,88
GPS_011,2026-02-11,PRACTICE,56,3121,435,6.98,12,7,70.6
GPS_012,2026-02-11,PRACTICE,44.4,2265,254,6.34,16,18,80
GPS_001,2026-02-12,PRACTICE,48.9,2398,576,7.48,14,22,119.3
GPS_002,2026-02-12,PRACTICE,38.4,1969,263,9,18,16,77.3
GPS_003,2026-02-12,PRACTICE,40.8,2524,320,7.81,16,26,96.2
GPS_004,2026-02-12,PRACTICE,47.6,2606,375,7.28,9,12,66.9
GPS_005,2026-02-12,PRACTICE,38.5,1821,261,8.44,10,16,63.7
GPS_006,2026-02-12,PRACTICE,38.1,1911,301,6.25,14,7,58.1
GPS_007,2026-02-12,PRACTICE,44.9,1274,319,6.39,12,17,64.2
GPS_008,2026-02-12,PRACTICE,58.1,3221,653,8.75,9,18,89
GPS_009,2026-02-12,PRACTICE,27.4,1718,179,7.41,17,16,71.1
GPS_010,2026-02-12,PRACTICE,37,1503,221,8.31,16,10,59.6
GPS_011,2026-02-12,PRACTICE,46,2462,347,7.49,15,15,78.3
GPS_012,2026-02-12,PRACTICE,45.4,2150,248,8.29,24,14,84.7
GPS_001,2026-02-13,PRACTICE,27.1,1200,207,9.56,17,12,70
GPS_002,2026-02-13,PRACTICE,34.2,1829,306,8.49,22,17,84.4
GPS_003,2026-02-13,PRACTICE,30.2,1351,190,6.62,10,14,54.3
GPS_004,2026-02-13,PRACTICE,41.5,2146,150,7.15,6,11,50.7
GPS_005,2026-02-13,PRACTICE,55.8,3704,399,6.85,13,23,101
GPS_006,2026-02-13,PRACTICE,42,1454,186,6.87,17,15,67.2
GPS_007,2026-02-13,PRACTICE,39.8,1807,369,8.25,25,21,96.3
GPS_008,2026-02-13,PRACTICE,65.7,3151,674,7.75,15,13,90.4
GPS_009,2026-02-13,PRACTICE,35.6,2338,320,8.73,16,13,74.9
GPS_010,2026-02-13,PRACTICE,43.2,2669,620,8.31,6,7,61.7
GPS_011,2026-02-13,PRACTICE,38.5,1997,194,7.07,25,21,93.8
GPS_012,2026-02-13,PRACTICE,32.5,1286,94,7.87,2,21,49.7
GPS_001,2026-02-14,OFF,0,0,0,NA,0,0,0
GPS_002,2026-02-14,OFF,0,0,0,NA,0,0,0
GPS_003,2026-02-14,OFF,0,0,0,NA,0,0,0
GPS_004,2026-02-14,OFF,0,0,0,NA,0,0,0
GPS_005,2026-02-14,OFF,0,0,0,NA,0,0,0
GPS_006,2026-02-14,OFF,0,0,0,NA,0,0,0
GPS_007,2026-02-14,OFF,0,0,0,NA,0,0,0
GPS_008,2026-02-14,OFF,0,0,0,NA,0,0,0
GPS_009,2026-02-14,OFF,0,0,0,NA,0,0,0
GPS_010,2026-02-14,OFF,0,0,0,NA,0,0,0
GPS_011,2026-02-14,OFF,0,0,0,NA,0,0,0
GPS_012,2026-02-14,OFF,0,0,0,NA,0,0,0
GPS_001,2026-02-15,OFF,0,0,0,NA,0,0,0
GPS_002,2026-02-15,OFF,0,0,0,NA,0,0,0
GPS_003,2026-02-15,OFF,0,0,0,NA,0,0,0
GPS_004,2026-02-15,OFF,0,0,0,NA,0,0,0
GPS_005,2026-02-15,OFF,0,0,0,NA,0,0,0
GPS_006,2026-02-15,OFF,0,0,0,NA,0,0,0
GPS_007,2026-02-15,OFF,0,0,0,NA,0,0,0
GPS_008,2026-02-15,OFF,0,0,0,NA,0,0,0
GPS_009,2026-02-15,OFF,0,0,0,NA,0,0,0
GPS_010,2026-02-15,OFF,0,0,0,NA,0,0,0
GPS_011,2026-02-15,OFF,0,0,0,NA,0,0,0
GPS_012,2026-02-15,OFF,0,0,0,NA,0,0,0
GPS_001,2026-02-16,PRACTICE,22.2,610,106,8.49,25,19,96.7
GPS_002,2026-02-16,PRACTICE,24.8,1465,251,6.38,17,18,73.4
GPS_003,2026-02-16,PRACTICE,21.9,950,164,7.41,11,9,43.6
GPS_004,2026-02-16,PRACTICE,45.2,2427,196,8.56,7,12,57.7
GPS_005,2026-02-16,PRACTICE,48.7,2390,282,8.38,27,13,91
GPS_006,2026-02-16,PRACTICE,57.5,2971,347,9.63,20,15,90.9
GPS_007,2026-02-16,PRACTICE,45.4,2823,398,8.25,23,17,98.2
GPS_008,2026-02-16,PRACTICE,51.7,2889,577,7.5,12,13,80.8
GPS_009,2026-02-16,PRACTICE,36.2,1703,186,6.72,20,20,81.7
GPS_010,2026-02-16,PRACTICE,31.6,1696,260,8.78,6,13,52
GPS_011,2026-02-16,PRACTICE,44.8,2775,292,6.65,11,17,77
GPS_012,2026-02-16,PRACTICE,45.5,2644,396,7.46,13,17,81.3
GPS_001,2026-02-17,PRACTICE,20.2,753,155,7.69,0,6,26
GPS_002,2026-02-17,PRACTICE,51.8,1113,233,7.5,9,19,58.9
GPS_003,2026-02-17,PRACTICE,35.6,2009,246,7.62,19,18,81.7
GPS_004,2026-02-17,PRACTICE,40.8,1987,289,7.85,7,9,51.1
GPS_005,2026-02-17,PRACTICE,31.4,1779,317,7.61,13,17,70.7
GPS_006,2026-02-17,PRACTICE,48.7,2716,339,7.09,14,24,92.6
GPS_007,2026-02-17,PRACTICE,38.1,1814,380,6.24,10,23,77.1
GPS_008,2026-02-17,PRACTICE,27.1,1528,301,7.47,15,23,79.8
GPS_009,2026-02-17,PRACTICE,45,2637,336,7.83,17,17,85.8
GPS_010,2026-02-17,PRACTICE,24.7,1547,263,7.62,11,18,65.5
GPS_011,2026-02-17,PRACTICE,40,2142,378,8.5,11,29,90.9
GPS_012,2026-02-17,PRACTICE,42.2,1828,229,8.62,18,13,70.5
GPS_001,2026-02-18,PRACTICE,70.4,3548,680,6.85,8,12,106.2
GPS_002,2026-02-18,PRACTICE,47.4,1871,393,8.23,25,20,96
GPS_003,2026-02-18,PRACTICE,28.6,1544,178,6.99,24,20,85.9
GPS_004,2026-02-18,PRACTICE,46,1721,218,8.56,17,15,70.7
GPS_005,2026-02-18,PRACTICE,41,3060,459,8.21,16,10,81.1
GPS_006,2026-02-18,PRACTICE,44.3,1453,179,7.14,7,16,53.5
GPS_007,2026-02-18,PRACTICE,25,1282,328,5.98,2,27,64.5
GPS_008,2026-02-18,PRACTICE,59.6,4399,1003,8.77,26,23,142.6
GPS_009,2026-02-18,PRACTICE,47.9,1966,191,7.41,5,18,58.9
GPS_010,2026-02-18,PRACTICE,38,1658,320,7.03,27,14,86.1
GPS_011,2026-02-18,PRACTICE,20.7,640,55,7.01,18,10,49.8
GPS_012,2026-02-18,PRACTICE,46.2,1688,209,8.83,11,17,64.1
GPS_001,2026-02-19,PRACTICE,27.3,1135,141,9.77,16,17,82
GPS_002,2026-02-19,PRACTICE,29.6,1061,170,7.93,7,21,56.9
GPS_003,2026-02-19,PRACTICE,47.7,2692,311,7.13,15,26,96.2
GPS_004,2026-02-19,PRACTICE,49.7,3379,509,8.44,20,21,108
GPS_005,2026-02-19,PRACTICE,38,1655,219,7.99,14,20,73
GPS_006,2026-02-19,PRACTICE,24.8,1006,98,8.08,20,22,75.5
GPS_007,2026-02-19,PRACTICE,17.3,1120,181,7.92,13,9,48.7
GPS_008,2026-02-19,PRACTICE,27.3,1012,157,7.51,18,33,90.5
GPS_009,2026-02-19,PRACTICE,34.7,1948,240,9.12,18,11,69
GPS_010,2026-02-19,PRACTICE,31.8,1926,490,7.4,17,13,76.5
GPS_011,2026-02-19,PRACTICE,45.4,3360,349,8.53,4,26,87.3
GPS_012,2026-02-19,PRACTICE,33.4,1918,190,7.58,21,12,73.4
GPS_001,2026-02-20,PRACTICE,47,2056,370,9.02,16,4,67
GPS_002,2026-02-20,PRACTICE,54.6,3635,336,6.48,22,14,98.8
GPS_003,2026-02-20,PRACTICE,37.3,1325,165,7.73,16,18,68.4
GPS_004,2026-02-20,PRACTICE,27.8,1618,195,8.39,22,23,88.6
GPS_005,2026-02-20,PRACTICE,29.6,1580,210,7.67,18,7,58.6
GPS_006,2026-02-20,PRACTICE,50,1410,112,7.65,28,18,85.9
GPS_007,2026-02-20,PRACTICE,25.6,1328,350,7.48,20,23,86.5
GPS_008,2026-02-20,PRACTICE,58.8,3334,454,8.36,19,14,94.2
GPS_009,2026-02-20,PRACTICE,44.9,2367,228,8.91,19,16,81.9
GPS_010,2026-02-20,PRACTICE,52.1,3576,624,6.93,20,15,103.9
GPS_011,2026-02-20,PRACTICE,34.3,1636,134,7.95,19,12,66.2
GPS_012,2026-02-20,PRACTICE,35.3,1338,182,9.2,15,9,53.9
GPS_001,2026-02-21,OFF,0,0,0,NA,0,0,0
GPS_002,2026-02-21,OFF,0,0,0,NA,0,0,0
GPS_003,2026-02-21,OFF,0,0,0,NA,0,0,0
GPS_004,2026-02-21,OFF,0,0,0,NA,0,0,0
GPS_005,2026-02-21,OFF,0,0,0,NA,0,0,0
GPS_006,2026-02-21,OFF,0,0,0,NA,0,0,0
GPS_007,2026-02-21,OFF,0,0,0,NA,0,0,0
GPS_008,2026-02-21,OFF,0,0,0,NA,0,0,0
GPS_009,2026-02-21,OFF,0,0,0,NA,0,0,0
GPS_010,2026-02-21,OFF,0,0,0,NA,0,0,0
GPS_011,2026-02-21,OFF,0,0,0,NA,0,0,0
GPS_012,2026-02-21,OFF,0,0,0,NA,0,0,0
GPS_001,2026-02-22,OFF,0,0,0,NA,0,0,0
GPS_002,2026-02-22,OFF,0,0,0,NA,0,0,0
GPS_003,2026-02-22,OFF,0,0,0,NA,0,0,0
GPS_004,2026-02-22,OFF,0,0,0,NA,0,0,0
GPS_005,2026-02-22,OFF,0,0,0,NA,0,0,0
GPS_006,2026-02-22,OFF,0,0,0,NA,0,0,0
GPS_007,2026-02-22,OFF,0,0,0,NA,0,0,0
GPS_008,2026-02-22,OFF,0,0,0,NA,0,0,0
GPS_009,2026-02-22,OFF,0,0,0,NA,0,0,0
GPS_010,2026-02-22,OFF,0,0,0,NA,0,0,0
GPS_011,2026-02-22,OFF,0,0,0,NA,0,0,0
GPS_012,2026-02-22,OFF,0,0,0,NA,0,0,0
GPS_001,2026-02-23,PRACTICE,49.9,3400,606,7.63,10,34,130.6
GPS_002,2026-02-23,PRACTICE,23.4,1347,216,7.28,8,13,50.4
GPS_003,2026-02-23,PRACTICE,43.2,1647,170,6.93,16,7,55.2
GPS_004,2026-02-23,PRACTICE,49.3,2495,256,6.64,15,22,86.8
GPS_005,2026-02-23,PRACTICE,56.5,2767,305,7.33,12,21,84.8
GPS_006,2026-02-23,PRACTICE,15,647,96,7.5,17,17,59.9
GPS_007,2026-02-23,PRACTICE,33.8,2001,442,6.5,16,16,79.1
GPS_008,2026-02-23,PRACTICE,50.5,4048,578,8.05,6,12,81.9
GPS_009,2026-02-23,PRACTICE,47.5,1945,208,7.07,18,17,77.1
GPS_010,2026-02-23,PRACTICE,45.7,2301,456,8.59,14,14,76.4
GPS_011,2026-02-23,PRACTICE,25.1,2027,156,6.7,9,33,87.2
GPS_012,2026-02-23,PRACTICE,38.6,2112,56,7.47,14,24,79.5
GPS_001,2026-02-24,PRACTICE,19.3,944,211,8.75,12,20,79.6
GPS_002,2026-02-24,PRACTICE,42.2,2214,521,7.36,17,23,95.1
GPS_003,2026-02-24,PRACTICE,31.6,1105,110,7.98,15,7,46.8
GPS_004,2026-02-24,PRACTICE,26.9,1371,161,6.66,16,14,62.7
GPS_005,2026-02-24,PRACTICE,43.8,1800,239,8.09,13,24,79.5
GPS_006,2026-02-24,PRACTICE,61.2,2411,313,7.82,17,18,84.4
GPS_007,2026-02-24,PRACTICE,25.4,1390,284,7.9,18,12,66
GPS_008,2026-02-24,PRACTICE,32.8,1467,280,7.53,12,25,77.2
GPS_009,2026-02-24,PRACTICE,39.9,2310,333,6.59,2,11,50.9
GPS_010,2026-02-24,PRACTICE,34.6,1978,478,6.08,15,31,100.7
GPS_011,2026-02-24,PRACTICE,31,1751,160,8.19,19,16,74
GPS_012,2026-02-24,PRACTICE,48.4,2608,239,8.61,29,0,75.6
