athlete_id,date,steps,active_minutes,load_proxy,symmetry_proxy,impact_proxy
WR_001,2025-12-01,11679,85,114.4,0.973,0.76
WR_002,2025-12-01,11704,81,96.6,1,1.25
WR_003,2025-12-01,11074,92,122.2,0.908,0.9
WR_004,2025-12-01,8285,122,98.7,0.976,1.02
WR_005,2025-12-01,10252,65,112.8,1,0.94
WR_006,2025-12-01,11243,92,127.5,0.997,1.15
WR_007,2025-12-01,11054,81,50.8,0.947,1.16
WR_008,2025-12-01,7455,109,85.7,0.945,1.02
WR_009,2025-12-01,10516,102,112.8,0.953,0.87
WR_010,2025-12-01,5696,73,93.9,0.977,0.95
WR_011,2025-12-01,6997,80,125.5,1,0.88
WR_012,2025-12-01,9214,115,97.4,0.981,1.09
WR_001,2025-12-02,9593,121,135.8,0.987,0.95
WR_002,2025-12-02,8473,100,100.9,1,0.94
WR_003,2025-12-02,6604,40,61.9,1,1.11
WR_004,2025-12-02,11452,95,103,1,0.79
WR_005,2025-12-02,9935,76,128.6,0.926,1.15
WR_006,2025-12-02,6499,111,97.7,1,1.13
WR_007,2025-12-02,7715,104,84.3,0.989,0.82
WR_008,2025-12-02,7339,113,170.9,0.966,0.98
WR_009,2025-12-02,7035,53,52.5,0.972,1.33
WR_010,2025-12-02,9203,105,104,0.976,1.32
WR_011,2025-12-02,8304,127,104,0.907,1.08
WR_012,2025-12-02,7911,78,106.6,0.975,1.03
WR_001,2025-12-03,10074,65,113.9,0.963,0.81
WR_002,2025-12-03,8141,113,101.6,0.969,0.99
WR_003,2025-12-03,10198,122,78.2,0.96,1.11
WR_004,2025-12-03,9447,113,126.9,0.963,1.06
WR_005,2025-12-03,8552,109,127.8,0.974,0.89
WR_006,2025-12-03,8244,119,79.6,0.982,1.03
WR_007,2025-12-03,8564,117,109.3,0.926,1.02
WR_008,2025-12-03,4540,75,179.3,1,1.36
WR_009,2025-12-03,10068,97,45.2,1,1.14
WR_010,2025-12-03,10098,56,152.6,0.932,0.84
WR_011,2025-12-03,9813,76,51.5,0.983,1.35
WR_012,2025-12-03,5673,88,88.3,0.914,1.27
WR_001,2025-12-04,11125,107,89.5,0.99,1.05
WR_002,2025-12-04,10313,62,131.1,0.911,0.86
WR_003,2025-12-04,10381,66,122.7,0.901,0.87
WR_004,2025-12-04,8085,114,66.4,0.974,0.9
WR_005,2025-12-04,10547,66,63.2,0.994,1.07
WR_006,2025-12-04,8281,95,72.2,0.994,0.91
WR_007,2025-12-04,11741,82,108.2,0.968,0.96
WR_008,2025-12-04,5668,39,118.1,0.951,0.96
WR_009,2025-12-04,10718,99,110.8,0.939,1
WR_010,2025-12-04,8392,115,100.2,0.957,0.92
WR_011,2025-12-04,10060,92,90.6,0.956,1.01
WR_012,2025-12-04,7370,80,133.9,0.955,0.9
WR_001,2025-12-05,12774,107,95.9,0.935,0.99
WR_002,2025-12-05,10592,88,87.2,0.928,0.99
WR_003,2025-12-05,11453,73,109.7,0.95,0.94
WR_004,2025-12-05,8838,81,64.4,0.904,0.85
WR_005,2025-12-05,7070,125,65.7,1,0.9
WR_006,2025-12-05,8035,118,91.8,0.905,1.09
WR_007,2025-12-05,7540,71,11.1,0.961,1.04
WR_008,2025-12-05,8568,114,143.6,0.952,1.06
WR_009,2025-12-05,8870,97,107.6,0.933,1.09
WR_010,2025-12-05,8558,79,83.4,0.933,0.9
WR_011,2025-12-05,10929,100,47.5,0.948,0.91
WR_012,2025-12-05,8696,10,98.6,0.926,1.01
WR_001,2025-12-06,7482,62,67.2,0.958,0.81
WR_002,2025-12-06,5932,28,84.1,0.981,0.78
WR_003,2025-12-06,5201,50,63.8,1,0.86
WR_004,2025-12-06,2863,39,109,1,0.98
WR_005,2025-12-06,3897,44,104.8,0.967,1.22
WR_006,2025-12-06,4558,59,119,0.936,1.2
WR_007,2025-12-06,4330,43,42.6,0.913,0.91
WR_008,2025-12-06,5441,98,116.3,0.923,0.85
WR_009,2025-12-06,5754,70,105.8,0.924,0.95
WR_010,2025-12-06,2802,62,130.3,0.933,1.09
WR_011,2025-12-06,6082,50,121.5,1,1.04
WR_012,2025-12-06,4884,23,104.3,0.944,0.99
WR_001,2025-12-07,3299,35,158.7,0.925,0.96
WR_002,2025-12-07,5536,68,88.7,0.974,1.15
WR_003,2025-12-07,5218,52,74.3,0.957,1.03
WR_004,2025-12-07,3047,84,108.3,1,1.08
WR_005,2025-12-07,6403,59,87.4,0.962,1.16
WR_006,2025-12-07,3928,57,135.5,1,0.78
WR_007,2025-12-07,5911,49,123,0.951,1.12
WR_008,2025-12-07,3685,39,88.8,0.93,1.13
WR_009,2025-12-07,6489,30,95.4,0.931,0.93
WR_010,2025-12-07,4685,46,121,0.919,0.94
WR_011,2025-12-07,3190,45,74.5,0.92,1.02
WR_012,2025-12-07,4526,42,48.5,0.896,1.16
WR_001,2025-12-08,7230,111,81.8,0.975,0.74
WR_002,2025-12-08,7967,133,148.4,0.945,1.05
WR_003,2025-12-08,6628,92,118.9,0.965,1.13
WR_004,2025-12-08,11223,86,102.2,0.925,1.07
WR_005,2025-12-08,11084,79,86.7,0.94,0.96
WR_006,2025-12-08,8079,130,92.4,0.98,1.08
WR_007,2025-12-08,7174,112,60,0.958,1.23
WR_008,2025-12-08,7752,95,125.2,0.954,1.08
WR_009,2025-12-08,10706,57,110.3,0.951,1.28
WR_010,2025-12-08,7982,110,101.2,0.916,0.79
WR_011,2025-12-08,3679,57,79.6,0.988,0.92
WR_012,2025-12-08,11570,86,81.4,0.915,0.88
WR_001,2025-12-09,10664,107,69.5,0.959,0.9
WR_002,2025-12-09,8662,80,109.3,0.968,1.1
WR_003,2025-12-09,6648,104,105.3,0.941,1.17
WR_004,2025-12-09,6336,70,129,0.967,1.28
WR_005,2025-12-09,9206,94,124,0.92,1.14
WR_006,2025-12-09,9517,68,82.2,0.912,1.19
WR_007,2025-12-09,10537,91,47.5,1,0.82
WR_008,2025-12-09,10464,116,81.9,0.966,1.15
WR_009,2025-12-09,8313,79,49.6,0.965,0.91
WR_010,2025-12-09,9431,94,65.2,0.937,0.94
WR_011,2025-12-09,8243,69,100.2,0.964,1.04
WR_012,2025-12-09,10084,61,60.5,1,0.97
WR_001,2025-12-10,7243,116,116.5,0.954,0.75
WR_002,2025-12-10,7108,114,117.2,0.953,1.14
WR_003,2025-12-10,7371,105,142.4,0.996,1.02
WR_004,2025-12-10,7680,67,90.2,0.998,0.93
WR_005,2025-12-10,7304,113,88.4,1,1.11
WR_006,2025-12-10,7207,108,72.9,1,0.9
WR_007,2025-12-10,10628,75,93,0.939,0.93
WR_008,2025-12-10,11120,89,78.7,0.982,1.03
WR_009,2025-12-10,12502,106,122,0.971,1.24
WR_010,2025-12-10,8219,62,125.4,0.979,1
WR_011,2025-12-10,12136,78,118,0.984,0.83
WR_012,2025-12-10,6284,46,75.4,0.963,0.73
WR_001,2025-12-11,11885,59,82.7,0.999,1
WR_002,2025-12-11,8707,92,59.5,0.926,1.02
WR_003,2025-12-11,9314,83,109.4,0.911,1.25
WR_004,2025-12-11,8381,50,110.8,0.968,0.81
WR_005,2025-12-11,9618,95,170.4,0.938,1.01
WR_006,2025-12-11,11267,91,122.4,1,0.92
WR_007,2025-12-11,9314,97,144.2,0.969,0.91
WR_008,2025-12-11,9346,81,155.6,0.946,1.17
WR_009,2025-12-11,7592,87,60,1,1.19
WR_010,2025-12-11,9302,48,94.6,0.956,0.8
WR_011,2025-12-11,7307,66,136.2,0.975,1.13
WR_012,2025-12-11,8920,88,86.3,0.974,0.85
WR_001,2025-12-12,6014,88,146.6,0.92,0.95
WR_002,2025-12-12,11710,128,90.4,1,1.07
WR_003,2025-12-12,7348,94,114.8,0.93,0.83
WR_004,2025-12-12,6075,86,123.3,0.926,0.98
WR_005,2025-12-12,6916,100,106.5,0.986,0.93
WR_006,2025-12-12,5279,76,154.1,0.977,1.08
WR_007,2025-12-12,11373,80,122,0.951,0.96
WR_008,2025-12-12,8964,61,117,0.89,0.83
WR_009,2025-12-12,10118,101,126.2,0.996,0.84
WR_010,2025-12-12,9415,121,121.6,0.943,0.96
WR_011,2025-12-12,9073,107,98.3,0.999,0.91
WR_012,2025-12-12,7898,36,85.9,0.959,0.92
WR_001,2025-12-13,3519,31,60.5,0.987,1.18
WR_002,2025-12-13,4904,23,132.8,1,0.96
WR_003,2025-12-13,8043,37,92.5,0.985,0.9
WR_004,2025-12-13,7013,57,41.5,0.961,1.2
WR_005,2025-12-13,4412,58,75,0.972,0.73
WR_006,2025-12-13,3410,9,47.8,0.966,0.88
WR_007,2025-12-13,4760,47,85.8,0.984,0.96
WR_008,2025-12-13,6407,59,35.7,0.972,0.76
WR_009,2025-12-13,4218,51,82.2,0.963,0.99
WR_010,2025-12-13,4576,47,132.9,0.958,0.92
WR_011,2025-12-13,4820,54,132.4,0.941,0.7
WR_012,2025-12-13,5121,33,97.4,0.992,0.85
WR_001,2025-12-14,5609,44,136.2,0.991,0.68
WR_002,2025-12-14,6131,48,59.1,1,1.12
WR_003,2025-12-14,5753,77,144,0.879,0.89
WR_004,2025-12-14,6075,70,129.1,0.989,1.2
WR_005,2025-12-14,7676,49,92.4,0.958,1.18
WR_006,2025-12-14,934,42,93.7,0.911,1.34
WR_007,2025-12-14,3987,46,117.1,0.922,1.12
WR_008,2025-12-14,4346,47,83.6,0.983,1.27
WR_009,2025-12-14,4133,51,147.6,0.974,0.93
WR_010,2025-12-14,7480,0,89.1,0.99,0.94
WR_011,2025-12-14,5841,55,145.7,0.952,0.93
WR_012,2025-12-14,3570,27,87,0.976,0.84
WR_001,2025-12-15,7176,76,71.2,0.96,1.06
WR_002,2025-12-15,7883,66,110.6,0.943,1.13
WR_003,2025-12-15,12137,53,118.5,0.971,1.09
WR_004,2025-12-15,10404,63,108.7,0.974,0.97
WR_005,2025-12-15,10043,89,102,0.908,0.76
WR_006,2025-12-15,7426,103,62.9,1,1.03
WR_007,2025-12-15,7657,46,101.3,0.969,1.08
WR_008,2025-12-15,8164,74,120,0.937,0.84
WR_009,2025-12-15,10197,55,118.1,0.977,0.87
WR_010,2025-12-15,7359,87,92.3,0.954,0.88
WR_011,2025-12-15,9886,104,74.7,0.948,1.02
WR_012,2025-12-15,6619,66,138.8,0.949,1.11
WR_001,2025-12-16,5772,64,72.3,0.963,1.2
WR_002,2025-12-16,9096,124,43.1,0.937,1.19
WR_003,2025-12-16,12706,58,108.2,0.961,0.75
WR_004,2025-12-16,7009,78,119.2,0.966,0.98
WR_005,2025-12-16,9458,102,95.9,0.979,1.08
WR_006,2025-12-16,5469,91,103.8,0.976,1.05
WR_007,2025-12-16,8007,59,78.2,0.96,1.23
WR_008,2025-12-16,5766,122,56.1,0.979,0.84
WR_009,2025-12-16,5850,58,97.9,0.928,1.28
WR_010,2025-12-16,10435,116,160.3,0.989,1.05
WR_011,2025-12-16,10204,100,69.7,0.943,1.25
WR_012,2025-12-16,3988,76,92.7,0.973,0.77
WR_001,2025-12-17,11620,106,36.2,0.888,1.04
WR_002,2025-12-17,7905,116,125.3,0.987,1
WR_003,2025-12-17,8529,110,93.7,0.97,0.97
WR_004,2025-12-17,9912,118,62.2,0.978,0.96
WR_005,2025-12-17,4791,96,76.9,0.99,0.92
WR_006,2025-12-17,9578,57,58.8,0.94,1.11
WR_007,2025-12-17,10361,101,71.2,0.931,0.95
WR_008,2025-12-17,8920,102,84.2,0.97,0.7
WR_009,2025-12-17,7314,140,177.8,0.967,0.94
WR_010,2025-12-17,11919,41,70,0.985,1.11
WR_011,2025-12-17,8760,25,65.3,0.959,1.22
WR_012,2025-12-17,6049,75,52.1,0.969,1.2
WR_001,2025-12-18,9516,74,107.4,0.959,1.1
WR_002,2025-12-18,8514,85,109.1,0.941,1.02
WR_003,2025-12-18,8458,62,154.2,0.979,1.06
WR_004,2025-12-18,6814,99,83.2,0.972,0.87
WR_005,2025-12-18,8660,114,146.8,0.939,1
WR_006,2025-12-18,7838,93,103.7,0.974,1.11
WR_007,2025-12-18,9985,119,71.1,0.961,0.83
WR_008,2025-12-18,9248,91,63,0.982,1.02
WR_009,2025-12-18,10394,109,69.6,0.943,0.8
WR_010,2025-12-18,9275,116,129.4,0.973,0.94
WR_011,2025-12-18,13527,89,86.1,0.968,1.13
WR_012,2025-12-18,10798,66,96.8,0.923,1.05
WR_001,2025-12-19,12168,110,104.3,0.944,1.04
WR_002,2025-12-19,9581,103,132.9,0.89,1.2
WR_003,2025-12-19,6484,78,45,1,0.96
WR_004,2025-12-19,8309,113,69.6,0.913,1.24
WR_005,2025-12-19,10358,87,122.1,0.961,1.26
WR_006,2025-12-19,8698,95,139.9,1,0.98
WR_007,2025-12-19,9446,60,154.9,0.939,0.81
WR_008,2025-12-19,7528,158,64.8,0.952,0.71
WR_009,2025-12-19,10858,89,88,0.958,0.98
WR_010,2025-12-19,9992,100,136.6,0.977,0.96
WR_011,2025-12-19,7553,82,96.4,0.981,1.05
WR_012,2025-12-19,6654,69,102.1,0.971,1.09
WR_001,2025-12-20,5286,76,117,0.915,1.11
WR_002,2025-12-20,5758,86,122.2,0.953,1
WR_003,2025-12-20,8107,61,30,0.956,1.11
WR_004,2025-12-20,4767,37,84.7,0.962,0.94
WR_005,2025-12-20,7078,61,86.9,0.91,1.3
WR_006,2025-12-20,8443,80,126,1,0.73
WR_007,2025-12-20,7202,47,128.5,0.914,1.05
WR_008,2025-12-20,5837,36,65,0.937,1.08
WR_009,2025-12-20,5080,80,60.3,0.913,0.93
WR_010,2025-12-20,7192,88,49.8,0.971,1.18
WR_011,2025-12-20,6258,50,141.3,0.908,0.93
WR_012,2025-12-20,4235,35,47.8,0.949,1.1
WR_001,2025-12-21,5939,0,123.4,1,1.09
WR_002,2025-12-21,3745,38,117.2,0.972,1.01
WR_003,2025-12-21,5187,89,103.9,0.975,1.04
WR_004,2025-12-21,4374,55,112.3,0.938,1.02
WR_005,2025-12-21,5841,39,53.2,0.999,0.86
WR_006,2025-12-21,6804,18,89.7,0.994,0.76
WR_007,2025-12-21,2242,40,79.9,0.942,1.1
WR_008,2025-12-21,3361,26,122.2,0.968,0.91
WR_009,2025-12-21,5028,88,139.4,0.958,0.79
WR_010,2025-12-21,6965,66,93.2,1,0.94
WR_011,2025-12-21,2426,61,81.2,0.954,0.97
WR_012,2025-12-21,5573,29,80.2,0.99,0.91
WR_001,2025-12-22,8398,89,99,0.935,0.87
WR_002,2025-12-22,9482,72,63.3,0.99,1.02
WR_003,2025-12-22,3879,126,100.9,1,1.02
WR_004,2025-12-22,7570,106,106.6,0.978,1.1
WR_005,2025-12-22,11201,114,125.2,0.981,1.03
WR_006,2025-12-22,6764,90,130.6,0.918,0.93
WR_007,2025-12-22,10518,91,132.5,0.975,1
WR_008,2025-12-22,9975,62,41.5,0.968,1.03
WR_009,2025-12-22,11800,82,84,0.965,1.03
WR_010,2025-12-22,7273,101,118.2,0.977,1.04
WR_011,2025-12-22,8943,95,113.1,0.954,0.52
WR_012,2025-12-22,6863,125,154.7,0.957,1.1
WR_001,2025-12-23,13471,77,181.6,0.997,0.97
WR_002,2025-12-23,9693,104,129.9,0.984,0.97
WR_003,2025-12-23,8732,95,95.7,0.992,1.12
WR_004,2025-12-23,8243,123,78.7,0.99,1.17
WR_005,2025-12-23,9106,129,125.2,1,0.97
WR_006,2025-12-23,5363,119,53.2,0.964,0.8
WR_007,2025-12-23,9366,107,119.9,1,0.81
WR_008,2025-12-23,10967,91,63.7,0.982,0.95
WR_009,2025-12-23,9654,98,39.7,1,0.99
WR_010,2025-12-23,7766,114,122,0.977,0.96
WR_011,2025-12-23,9076,61,43.3,0.96,1.33
WR_012,2025-12-23,9764,56,130.8,0.945,1.11
WR_001,2025-12-24,11446,78,119.8,0.988,0.84
WR_002,2025-12-24,5069,125,92.2,0.97,1.34
WR_003,2025-12-24,6323,111,64.1,0.939,0.82
WR_004,2025-12-24,8516,60,78.9,0.963,0.92
WR_005,2025-12-24,6514,171,99.2,0.955,0.81
WR_006,2025-12-24,8760,96,100.2,0.966,1.06
WR_007,2025-12-24,6330,104,66.2,0.98,0.96
WR_008,2025-12-24,7905,100,115.2,0.926,1.07
WR_009,2025-12-24,6311,94,135.9,0.923,0.94
WR_010,2025-12-24,5514,111,130.4,1,1
WR_011,2025-12-24,8781,119,132.4,1,1.05
WR_012,2025-12-24,6545,101,105.7,0.945,0.76
WR_001,2025-12-25,12391,98,146.9,0.942,1.03
WR_002,2025-12-25,8477,91,100.1,0.98,1.04
WR_003,2025-12-25,9831,118,137.4,0.928,1.13
WR_004,2025-12-25,7613,88,125.9,0.946,1.06
WR_005,2025-12-25,11058,68,99.3,1,1.09
WR_006,2025-12-25,10576,61,106.3,0.953,1.05
WR_007,2025-12-25,9262,83,81.5,0.942,1.15
WR_008,2025-12-25,5145,56,156.3,0.983,1.1
WR_009,2025-12-25,6247,98,130.7,0.927,1.1
WR_010,2025-12-25,8955,128,143.3,0.968,0.93
WR_011,2025-12-25,8860,55,137.9,0.937,1.26
WR_012,2025-12-25,8502,75,108.8,0.944,1.05
WR_001,2025-12-26,11218,91,98.6,0.941,1.2
WR_002,2025-12-26,10989,162,96.3,0.967,0.85
WR_003,2025-12-26,6643,124,133.3,0.955,1.08
WR_004,2025-12-26,7489,84,132.3,0.982,0.88
WR_005,2025-12-26,9451,94,100.9,0.96,1.36
WR_006,2025-12-26,9197,73,100,0.947,1.04
WR_007,2025-12-26,4386,83,77,0.925,1.05
WR_008,2025-12-26,6268,104,126.9,0.955,0.67
WR_009,2025-12-26,9446,126,115.7,0.935,0.7
WR_010,2025-12-26,11020,52,73.9,0.958,1.01
WR_011,2025-12-26,9570,113,116.2,0.968,0.95
WR_012,2025-12-26,3889,98,132.3,0.977,1.07
WR_001,2025-12-27,6816,23,90.5,0.942,1.09
WR_002,2025-12-27,6127,51,76.7,0.963,1.1
WR_003,2025-12-27,5356,36,142.3,0.936,1.14
WR_004,2025-12-27,4778,72,83.7,0.932,1.09
WR_005,2025-12-27,6054,21,26.2,0.969,1.04
WR_006,2025-12-27,6724,69,128.8,0.94,1.13
WR_007,2025-12-27,4965,43,105.2,0.996,0.96
WR_008,2025-12-27,2687,49,111.8,0.946,1.1
WR_009,2025-12-27,3189,50,180.4,1,1.08
WR_010,2025-12-27,5604,71,79.4,0.909,0.72
WR_011,2025-12-27,1860,49,89.5,0.923,1.03
WR_012,2025-12-27,3545,61,114.2,0.966,0.97
WR_001,2025-12-28,5578,60,110.6,0.996,0.76
WR_002,2025-12-28,4549,64,106.7,0.939,1.13
WR_003,2025-12-28,5616,36,52.4,0.936,0.97
WR_004,2025-12-28,4870,73,58.8,0.931,0.96
WR_005,2025-12-28,6141,55,77.8,0.921,0.91
WR_006,2025-12-28,3957,31,107,0.936,0.82
WR_007,2025-12-28,2385,69,97.1,0.948,1.08
WR_008,2025-12-28,6728,54,68,0.95,1.14
WR_009,2025-12-28,3440,57,51.7,0.989,1.17
WR_010,2025-12-28,6272,69,130,0.976,1.1
WR_011,2025-12-28,5138,17,82.6,0.972,1.02
WR_012,2025-12-28,3971,53,110.8,0.953,1.08
WR_001,2025-12-29,6806,126,88.9,0.983,1.08
WR_002,2025-12-29,5859,110,121.6,0.971,1.19
WR_003,2025-12-29,6913,77,92.7,0.95,0.87
WR_004,2025-12-29,10477,47,92.9,0.937,0.87
WR_005,2025-12-29,4726,123,79.3,0.964,1.02
WR_006,2025-12-29,8121,85,76.8,0.949,0.72
WR_007,2025-12-29,8165,117,53.5,0.981,1.08
WR_008,2025-12-29,6193,84,62.8,0.913,0.97
WR_009,2025-12-29,8267,114,96,0.93,1.37
WR_010,2025-12-29,6774,106,142,0.962,0.76
WR_011,2025-12-29,5715,77,102.6,0.931,1.12
WR_012,2025-12-29,10165,37,112.2,0.947,1.18
WR_001,2025-12-30,8412,82,109.4,0.964,1.18
WR_002,2025-12-30,7873,69,96,0.913,0.99
WR_003,2025-12-30,8179,85,114.1,0.949,1.06
WR_004,2025-12-30,5673,79,115,0.976,0.88
WR_005,2025-12-30,5757,63,79.9,0.962,0.92
WR_006,2025-12-30,10824,69,93.2,0.948,0.9
WR_007,2025-12-30,9548,78,95.1,0.985,1.11
WR_008,2025-12-30,7624,66,58.8,0.959,1.41
WR_009,2025-12-30,11022,108,64.5,0.944,1.05
WR_010,2025-12-30,9204,38,124.5,1,1.09
WR_011,2025-12-30,8322,136,137.3,0.95,0.89
WR_012,2025-12-30,8700,90,147.5,0.918,1.04
WR_001,2025-12-31,10513,71,118.6,0.973,1.04
WR_002,2025-12-31,7608,102,56.5,0.93,1.25
WR_003,2025-12-31,11810,88,141.5,0.955,0.78
WR_004,2025-12-31,7964,85,89.5,0.908,0.89
WR_005,2025-12-31,9035,84,117.2,0.959,0.85
WR_006,2025-12-31,10046,80,166.6,0.899,1.03
WR_007,2025-12-31,10023,38,61.3,1,0.75
WR_008,2025-12-31,9371,126,53.3,1,1.25
WR_009,2025-12-31,6636,84,72.8,0.973,1.05
WR_010,2025-12-31,9185,76,158.4,0.923,0.88
WR_011,2025-12-31,5541,81,100.1,0.968,1.16
WR_012,2025-12-31,11397,106,95.6,0.93,0.91
WR_001,2026-01-01,9999,125,127.1,1,1.09
WR_002,2026-01-01,7601,80,99.5,0.931,0.94
WR_003,2026-01-01,8481,84,103.4,0.981,1.1
WR_004,2026-01-01,9352,42,124.5,0.925,0.8
WR_005,2026-01-01,5185,9,157.1,0.942,0.93
WR_006,2026-01-01,10530,113,109.9,0.993,1.02
WR_007,2026-01-01,7236,93,99.9,0.939,0.99
WR_008,2026-01-01,9966,65,75.5,0.951,1.08
WR_009,2026-01-01,9142,112,85.9,0.998,1.23
WR_010,2026-01-01,7737,62,95.1,0.947,0.83
WR_011,2026-01-01,4071,96,99.8,0.967,0.72
WR_012,2026-01-01,10334,93,111.9,1,0.93
WR_001,2026-01-02,7260,106,21.7,0.967,1.17
WR_002,2026-01-02,8060,112,91.2,0.981,1.21
WR_003,2026-01-02,9571,80,138.4,0.998,1.04
WR_004,2026-01-02,8205,92,123.3,0.904,0.98
WR_005,2026-01-02,4716,94,109.8,0.939,0.91
WR_006,2026-01-02,9167,68,102.3,0.946,1.11
WR_007,2026-01-02,8104,111,100.3,0.994,1.05
WR_008,2026-01-02,6526,121,71,0.979,0.87
WR_009,2026-01-02,10202,88,93.1,0.932,1.09
WR_010,2026-01-02,5870,49,93.5,1,1.26
WR_011,2026-01-02,4750,87,85.8,0.938,1.32
WR_012,2026-01-02,7588,79,131.4,0.956,0.97
WR_001,2026-01-03,6347,47,110.5,1,1.07
WR_002,2026-01-03,3775,41,97.8,0.959,1.06
WR_003,2026-01-03,5429,85,96,0.951,0.88
WR_004,2026-01-03,3222,43,92,0.932,0.76
WR_005,2026-01-03,3126,9,98.1,0.92,0.79
WR_006,2026-01-03,3409,5,33.8,0.956,1.01
WR_007,2026-01-03,4710,76,126.2,0.988,0.95
WR_008,2026-01-03,5552,54,122.4,0.995,1.19
WR_009,2026-01-03,4291,40,104.8,0.934,1.18
WR_010,2026-01-03,6028,32,79.1,0.915,0.65
WR_011,2026-01-03,5421,58,146.7,0.908,1.19
WR_012,2026-01-03,5495,39,138.6,0.896,0.98
WR_001,2026-01-04,3937,68,40.3,0.964,1.07
WR_002,2026-01-04,5268,24,94.7,1,1.03
WR_003,2026-01-04,4567,27,106.8,0.983,0.65
WR_004,2026-01-04,6895,40,108.9,0.932,1.12
WR_005,2026-01-04,5129,58,64,0.934,0.92
WR_006,2026-01-04,5764,61,65.9,0.946,0.93
WR_007,2026-01-04,3759,65,125.6,0.991,1.15
WR_008,2026-01-04,5804,35,109.2,0.99,0.89
WR_009,2026-01-04,3782,72,124.3,0.925,1.08
WR_010,2026-01-04,7264,108,97.9,1,1
WR_011,2026-01-04,3578,66,104.4,0.977,1.48
WR_012,2026-01-04,3501,0,172.8,0.936,1.23
WR_001,2026-01-05,11333,131,73.9,0.911,0.77
WR_002,2026-01-05,7673,116,80.8,0.95,1.26
WR_003,2026-01-05,8447,140,73.2,0.939,1.16
WR_004,2026-01-05,10894,51,67.8,0.951,0.99
WR_005,2026-01-05,8567,111,121.9,0.929,0.97
WR_006,2026-01-05,7291,114,99.1,0.964,0.74
WR_007,2026-01-05,8550,67,53.3,1,1.11
WR_008,2026-01-05,7463,87,116,0.992,1.07
WR_009,2026-01-05,5770,42,69.9,0.989,0.93
WR_010,2026-01-05,7907,65,87.2,0.965,1.01
WR_011,2026-01-05,10135,87,98.5,0.95,0.81
WR_012,2026-01-05,13354,40,79.2,0.933,0.93
WR_001,2026-01-06,6175,76,155.1,0.911,1.09
WR_002,2026-01-06,11227,159,20.9,0.983,1.02
WR_003,2026-01-06,7740,74,111.3,0.941,1
WR_004,2026-01-06,7230,110,72.2,0.908,1.25
WR_005,2026-01-06,7971,105,118.4,0.964,1.32
WR_006,2026-01-06,8448,112,136.4,0.983,1.1
WR_007,2026-01-06,11228,107,139.6,0.983,0.92
WR_008,2026-01-06,6527,74,149.2,0.99,0.82
WR_009,2026-01-06,5502,57,118.4,0.945,0.91
WR_010,2026-01-06,9846,97,133.4,0.957,0.92
WR_011,2026-01-06,9273,58,60,0.935,0.89
WR_012,2026-01-06,9955,58,17.5,0.941,1.36
WR_001,2026-01-07,5869,115,131.8,0.955,1.16
WR_002,2026-01-07,11411,94,79.5,0.975,1.13
WR_003,2026-01-07,4105,91,106,0.993,1.05
WR_004,2026-01-07,5979,102,76.7,0.915,0.92
WR_005,2026-01-07,6251,70,124.7,0.983,1.03
WR_006,2026-01-07,4239,60,117.6,1,1.09
WR_007,2026-01-07,10444,58,66.1,1,0.94
WR_008,2026-01-07,5246,58,94.3,0.952,0.98
WR_009,2026-01-07,8487,104,110.9,0.978,0.94
WR_010,2026-01-07,9177,72,123.3,0.976,1.14
WR_011,2026-01-07,5329,71,85,1,0.96
WR_012,2026-01-07,9054,56,122.7,0.999,0.9
WR_001,2026-01-08,9506,99,114.5,0.973,0.99
WR_002,2026-01-08,8917,72,19.9,1,0.84
WR_003,2026-01-08,8003,77,55.3,0.976,0.81
WR_004,2026-01-08,4649,124,65.9,0.979,0.79
WR_005,2026-01-08,11707,114,94.9,0.956,0.68
WR_006,2026-01-08,9649,141,157.3,0.941,0.92
WR_007,2026-01-08,8886,64,77.1,0.981,0.92
WR_008,2026-01-08,8213,107,83.8,0.958,0.95
WR_009,2026-01-08,8621,35,74.9,0.926,1.26
WR_010,2026-01-08,6556,129,72,0.93,0.89
WR_011,2026-01-08,7020,79,76,0.992,1.07
WR_012,2026-01-08,8509,132,80.9,0.979,1.07
WR_001,2026-01-09,11673,125,72.3,0.895,0.94
WR_002,2026-01-09,8879,75,57.9,0.978,1.14
WR_003,2026-01-09,7742,100,118.5,0.977,0.84
WR_004,2026-01-09,8909,69,119.3,1,0.91
WR_005,2026-01-09,6041,109,81.2,1,0.71
WR_006,2026-01-09,7353,39,103.5,0.94,1.2
WR_007,2026-01-09,8660,88,131.1,0.993,0.58
WR_008,2026-01-09,10316,69,96,0.965,0.98
WR_009,2026-01-09,9117,78,103.1,0.954,1.04
WR_010,2026-01-09,10012,137,75.9,0.986,1.07
WR_011,2026-01-09,8946,62,137.3,0.992,1.11
WR_012,2026-01-09,6838,106,63.5,1,0.93
WR_001,2026-01-10,2394,30,150.5,0.97,0.99
WR_002,2026-01-10,4738,40,49.3,0.929,1.05
WR_003,2026-01-10,4610,69,99.9,0.918,0.86
WR_004,2026-01-10,2624,78,69.4,0.964,0.77
WR_005,2026-01-10,4900,61,129.9,0.979,1.06
WR_006,2026-01-10,6243,38,81.3,0.971,1.19
WR_007,2026-01-10,3697,83,124,0.904,0.95
WR_008,2026-01-10,5592,26,90.1,0.948,1
WR_009,2026-01-10,7215,34,88.6,0.925,1.07
WR_010,2026-01-10,2357,43,138.6,0.968,1.17
WR_011,2026-01-10,3331,78,0,0.95,1.23
WR_012,2026-01-10,4897,61,93.7,0.975,1.14
WR_001,2026-01-11,6225,41,129.9,0.948,0.91
WR_002,2026-01-11,4073,66,97.5,0.928,1.02
WR_003,2026-01-11,4725,38,84.9,0.941,0.98
WR_004,2026-01-11,5510,47,109.8,0.959,1.22
WR_005,2026-01-11,3736,45,108.7,0.934,0.78
WR_006,2026-01-11,4840,93,88.4,0.952,1.1
WR_007,2026-01-11,6443,16,117.4,0.904,1.04
WR_008,2026-01-11,3487,61,83.6,0.997,1.06
WR_009,2026-01-11,5887,35,91,0.963,1.05
WR_010,2026-01-11,6725,30,101.7,0.936,0.92
WR_011,2026-01-11,5523,44,98,0.959,0.98
WR_012,2026-01-11,3202,55,100.1,0.971,1.01
WR_001,2026-01-12,9535,62,105.2,0.936,0.85
WR_002,2026-01-12,6694,63,135.5,1,1.05
WR_003,2026-01-12,6456,83,104.5,1,1.04
WR_004,2026-01-12,9191,93,130.4,0.98,1.04
WR_005,2026-01-12,5899,114,204.8,0.998,1
WR_006,2026-01-12,6748,87,90.3,0.951,0.99
WR_007,2026-01-12,9542,77,96.4,0.935,0.85
WR_008,2026-01-12,9764,78,89.6,0.955,1.03
WR_009,2026-01-12,7926,94,130.9,0.977,0.9
WR_010,2026-01-12,10342,96,58.1,0.928,1.05
WR_011,2026-01-12,9623,121,135.7,1,1.04
WR_012,2026-01-12,6713,92,123.6,0.982,1.01
WR_001,2026-01-13,5597,64,105.3,0.99,1.08
WR_002,2026-01-13,10414,86,83,0.989,0.78
WR_003,2026-01-13,9899,100,146.8,0.993,0.84
WR_004,2026-01-13,12944,71,73.9,0.926,0.91
WR_005,2026-01-13,7313,149,131.2,0.95,0.75
WR_006,2026-01-13,9467,68,82.5,0.965,0.85
WR_007,2026-01-13,13325,122,145,1,0.57
WR_008,2026-01-13,7961,78,80.7,0.997,1.19
WR_009,2026-01-13,9484,106,93.1,0.972,1.31
WR_010,2026-01-13,4571,103,102.8,0.953,1.3
WR_011,2026-01-13,7054,79,125.6,0.963,0.99
WR_012,2026-01-13,9818,85,112,0.974,0.77
WR_001,2026-01-14,8005,97,73.9,0.928,0.93
WR_002,2026-01-14,10590,104,53.9,0.903,1.19
WR_003,2026-01-14,9170,78,79.2,0.961,1.14
WR_004,2026-01-14,7466,96,136.1,0.907,1
WR_005,2026-01-14,7028,91,19.5,0.978,1.02
WR_006,2026-01-14,7755,62,147.9,0.92,1.2
WR_007,2026-01-14,10334,69,130,0.938,0.93
WR_008,2026-01-14,9386,76,138.6,0.923,0.89
WR_009,2026-01-14,10033,91,103.6,0.954,1.22
WR_010,2026-01-14,9157,33,132.6,0.976,0.68
WR_011,2026-01-14,3452,92,136.5,0.994,0.79
WR_012,2026-01-14,10287,75,85.4,0.954,0.99
WR_001,2026-01-15,8007,25,65.9,0.999,0.99
WR_002,2026-01-15,8125,97,39.2,0.991,0.91
WR_003,2026-01-15,11766,127,99.9,0.958,0.96
WR_004,2026-01-15,7885,118,54.5,0.972,0.82
WR_005,2026-01-15,3499,73,117.8,0.926,1.11
WR_006,2026-01-15,8227,93,117.6,0.963,0.82
WR_007,2026-01-15,5113,82,164.5,1,1.23
WR_008,2026-01-15,5301,121,80.8,0.966,1.18
WR_009,2026-01-15,7069,120,178.8,0.953,0.93
WR_010,2026-01-15,9320,89,119.7,0.974,0.67
WR_011,2026-01-15,9176,70,81.5,0.973,1.01
WR_012,2026-01-15,9734,85,126.7,0.966,1.06
WR_001,2026-01-16,10627,72,140.7,0.966,0.98
WR_002,2026-01-16,7568,95,83.8,0.94,1.2
WR_003,2026-01-16,7967,94,106.5,0.966,1.02
WR_004,2026-01-16,9139,74,109.7,0.935,0.69
WR_005,2026-01-16,10515,87,88.4,0.951,0.71
WR_006,2026-01-16,6822,67,133.5,0.984,1.08
WR_007,2026-01-16,8662,98,114.4,0.965,0.98
WR_008,2026-01-16,9926,128,90.4,0.971,0.79
WR_009,2026-01-16,9544,63,56.4,0.972,1.08
WR_010,2026-01-16,8376,94,102.5,1,0.9
WR_011,2026-01-16,10307,83,120.2,0.935,1.06
WR_012,2026-01-16,9511,92,75.9,0.921,1.28
WR_001,2026-01-17,4327,44,100.8,0.975,1.07
WR_002,2026-01-17,3498,19,65.3,0.943,0.93
WR_003,2026-01-17,3768,47,152,0.945,1.07
WR_004,2026-01-17,3523,30,105.4,0.982,0.79
WR_005,2026-01-17,6681,36,97.2,1,1.26
WR_006,2026-01-17,4315,37,147.8,1,0.91
WR_007,2026-01-17,5979,43,115.1,0.956,1.18
WR_008,2026-01-17,4726,66,143.9,1,0.95
WR_009,2026-01-17,5319,29,101.6,1,1.1
WR_010,2026-01-17,2577,63,147.5,0.985,1.13
WR_011,2026-01-17,3285,67,113.7,1,0.97
WR_012,2026-01-17,432,0,83.1,0.944,0.84
WR_001,2026-01-18,2849,29,116.4,0.943,1.06
WR_002,2026-01-18,4727,56,111.4,0.988,0.91
WR_003,2026-01-18,5357,36,92.1,0.978,1.06
WR_004,2026-01-18,7922,34,94.7,0.961,1.22
WR_005,2026-01-18,2515,51,77.8,0.978,1.22
WR_006,2026-01-18,4397,36,108.5,0.849,1.2
WR_007,2026-01-18,4139,24,111.2,0.95,0.75
WR_008,2026-01-18,6191,31,61.6,0.947,0.86
WR_009,2026-01-18,4623,41,92.8,0.989,1.07
WR_010,2026-01-18,5175,53,130,0.958,0.99
WR_011,2026-01-18,4887,16,127.1,0.97,1.06
WR_012,2026-01-18,5270,46,96.1,0.968,0.79
WR_001,2026-01-19,10013,109,116.7,0.99,0.98
WR_002,2026-01-19,9768,100,101.7,0.957,1.07
WR_003,2026-01-19,8057,113,126.6,0.952,1.12
WR_004,2026-01-19,7546,103,139.4,0.985,1.02
WR_005,2026-01-19,6106,68,78.4,0.985,1.1
WR_006,2026-01-19,11672,106,158.5,0.92,0.85
WR_007,2026-01-19,7658,104,46.8,0.937,1.11
WR_008,2026-01-19,9269,136,177.9,0.927,0.99
WR_009,2026-01-19,6294,26,82.9,1,1.1
WR_010,2026-01-19,8321,94,156.8,0.996,1.08
WR_011,2026-01-19,5019,119,122.7,0.985,1.13
WR_012,2026-01-19,7242,97,62.8,0.966,0.91
WR_001,2026-01-20,9305,91,89.9,0.967,1.04
WR_002,2026-01-20,11324,83,117.7,0.949,1.06
WR_003,2026-01-20,6319,95,106.8,0.943,1.27
WR_004,2026-01-20,11082,130,167.7,0.977,0.94
WR_005,2026-01-20,8897,104,69,0.95,0.94
WR_006,2026-01-20,8752,108,33.2,0.988,0.94
WR_007,2026-01-20,8094,111,95.3,0.992,0.87
WR_008,2026-01-20,7938,92,148.7,0.997,0.86
WR_009,2026-01-20,9851,104,69.6,0.986,1
WR_010,2026-01-20,7640,121,120.9,0.889,0.79
WR_011,2026-01-20,7003,65,65.2,0.963,0.83
WR_012,2026-01-20,11966,75,122,1,1.09
WR_001,2026-01-21,10624,50,96.7,0.969,1.19
WR_002,2026-01-21,7428,81,57.9,0.978,0.82
WR_003,2026-01-21,7661,12,99.5,0.96,1.18
WR_004,2026-01-21,8268,112,66.6,0.902,1.06
WR_005,2026-01-21,9809,124,122,0.981,0.94
WR_006,2026-01-21,9282,80,103.8,0.921,1.13
WR_007,2026-01-21,7201,83,93.9,1,0.79
WR_008,2026-01-21,14259,94,100.3,0.962,1.21
WR_009,2026-01-21,11256,93,124.5,0.959,0.86
WR_010,2026-01-21,6252,56,120.3,0.98,0.92
WR_011,2026-01-21,9765,97,61.8,1,0.88
WR_012,2026-01-21,10020,99,112.8,0.924,0.88
WR_001,2026-01-22,11693,102,75.6,0.989,0.86
WR_002,2026-01-22,7613,117,83.8,1,0.91
WR_003,2026-01-22,7349,76,157.7,0.973,0.91
WR_004,2026-01-22,7955,116,80.1,0.946,1.23
WR_005,2026-01-22,11271,122,119.5,0.995,0.93
WR_006,2026-01-22,7650,49,136.6,0.951,1.04
WR_007,2026-01-22,11099,70,121.7,0.878,1.12
WR_008,2026-01-22,7966,73,125.3,0.942,0.97
WR_009,2026-01-22,5201,127,79,0.964,1.09
WR_010,2026-01-22,8779,113,119.7,0.916,1.18
WR_011,2026-01-22,6781,94,80.5,0.977,0.93
WR_012,2026-01-22,7592,83,0,0.916,0.78
WR_001,2026-01-23,8057,61,154.8,0.934,1.1
WR_002,2026-01-23,5861,66,148.7,0.93,0.89
WR_003,2026-01-23,11896,40,62.5,0.969,1.13
WR_004,2026-01-23,9061,109,135.7,0.976,1.2
WR_005,2026-01-23,9029,37,75.1,0.937,0.7
WR_006,2026-01-23,11038,70,61.6,0.949,1.13
WR_007,2026-01-23,5353,47,57.8,0.974,0.94
WR_008,2026-01-23,11188,75,68.9,0.97,1.1
WR_009,2026-01-23,8761,129,146.7,0.997,0.9
WR_010,2026-01-23,5513,84,74.3,0.909,0.99
WR_011,2026-01-23,11101,127,36.8,0.995,1.04
WR_012,2026-01-23,10523,54,141.8,0.959,1.02
WR_001,2026-01-24,5154,64,148.2,0.935,1.29
WR_002,2026-01-24,2547,18,89.3,0.952,0.89
WR_003,2026-01-24,7552,30,97,0.985,0.96
WR_004,2026-01-24,7216,42,56.4,1,1
WR_005,2026-01-24,4203,47,105.5,0.994,0.9
WR_006,2026-01-24,4641,25,113.4,0.941,1.15
WR_007,2026-01-24,4239,57,91.2,0.979,1.23
WR_008,2026-01-24,4436,27,135.7,0.917,1.07
WR_009,2026-01-24,7420,24,187.4,0.96,1.06
WR_010,2026-01-24,5813,64,160.9,0.918,0.99
WR_011,2026-01-24,1750,20,93.5,0.922,1.08
WR_012,2026-01-24,8022,38,130.7,0.982,0.95
WR_001,2026-01-25,5605,61,65.8,0.955,1.05
WR_002,2026-01-25,6296,37,88,0.9,0.83
WR_003,2026-01-25,4320,25,93.6,0.961,0.8
WR_004,2026-01-25,6700,62,99.8,0.992,0.77
WR_005,2026-01-25,4814,41,73.6,0.979,0.86
WR_006,2026-01-25,4800,74,120.3,0.968,1.26
WR_007,2026-01-25,3043,48,121.6,0.971,0.78
WR_008,2026-01-25,2787,60,97.7,0.986,1.15
WR_009,2026-01-25,6115,6,82.2,0.984,0.8
WR_010,2026-01-25,2922,68,92.4,1,0.88
WR_011,2026-01-25,5845,69,130.3,0.922,0.86
WR_012,2026-01-25,6521,47,101.2,0.869,1
WR_001,2026-01-26,10602,90,107.6,0.939,1.15
WR_002,2026-01-26,9781,37,33.9,0.982,0.81
WR_003,2026-01-26,6733,122,121.5,1,0.77
WR_004,2026-01-26,11377,62,68.4,0.927,0.89
WR_005,2026-01-26,6857,98,90.9,0.961,0.99
WR_006,2026-01-26,6841,83,126.4,0.911,0.77
WR_007,2026-01-26,9485,62,118.8,0.987,0.69
WR_008,2026-01-26,7340,73,125.4,0.986,1.05
WR_009,2026-01-26,10457,111,91.1,0.986,0.86
WR_010,2026-01-26,8257,148,113.8,0.965,0.89
WR_011,2026-01-26,7365,85,76.8,0.901,0.92
WR_012,2026-01-26,9387,110,68.4,1,0.98
WR_001,2026-01-27,10249,93,93.9,0.936,1.09
WR_002,2026-01-27,10451,67,134,0.999,0.74
WR_003,2026-01-27,7863,143,111.3,1,1.05
WR_004,2026-01-27,10345,91,102.6,0.963,0.68
WR_005,2026-01-27,7782,117,57.8,0.969,0.99
WR_006,2026-01-27,9759,104,138.4,0.902,1.21
WR_007,2026-01-27,10690,87,64.8,0.942,1.03
WR_008,2026-01-27,8377,117,69.5,0.938,1.03
WR_009,2026-01-27,10128,145,89.7,0.952,1.05
WR_010,2026-01-27,7915,67,68.8,0.923,0.94
WR_011,2026-01-27,11161,118,134.5,0.941,1.3
WR_012,2026-01-27,4062,73,69,0.974,1.01
WR_001,2026-01-28,9841,82,96.8,0.968,1.12
WR_002,2026-01-28,5056,77,165.6,0.973,1.08
WR_003,2026-01-28,7493,112,78.6,0.896,1.2
WR_004,2026-01-28,11824,61,103.6,0.971,0.96
WR_005,2026-01-28,7013,68,125.9,0.936,0.95
WR_006,2026-01-28,7463,73,90.4,0.983,0.88
WR_007,2026-01-28,2383,107,78.5,1,1.06
WR_008,2026-01-28,7065,54,93.8,0.98,0.9
WR_009,2026-01-28,9666,57,109.3,0.999,0.7
WR_010,2026-01-28,10045,61,73.7,0.956,0.86
WR_011,2026-01-28,6431,86,81.3,0.95,1.03
WR_012,2026-01-28,4406,58,130.1,0.936,0.82
WR_001,2026-01-29,8293,51,63.7,0.957,0.75
WR_002,2026-01-29,8298,116,76.2,0.926,0.92
WR_003,2026-01-29,8412,83,115.6,0.978,1.15
WR_004,2026-01-29,9537,113,39.2,0.955,1.23
WR_005,2026-01-29,6656,92,121,0.967,0.85
WR_006,2026-01-29,10743,77,90.1,1,1.07
WR_007,2026-01-29,7035,81,84.9,1,1.19
WR_008,2026-01-29,11291,44,54.2,0.942,0.93
WR_009,2026-01-29,9944,55,87.6,0.977,1.12
WR_010,2026-01-29,7241,133,161.8,0.949,1.12
WR_011,2026-01-29,6845,48,130.1,0.921,1.05
WR_012,2026-01-29,8578,138,67.4,0.9,0.97
WR_001,2026-01-30,9283,74,90.5,0.969,1.16
WR_002,2026-01-30,9811,143,91.8,0.951,1.06
WR_003,2026-01-30,8101,106,102.3,0.961,0.99
WR_004,2026-01-30,6621,94,75.3,0.947,1.06
WR_005,2026-01-30,4016,40,99.8,0.937,0.93
WR_006,2026-01-30,8451,84,98.8,0.952,1.22
WR_007,2026-01-30,4491,123,16.1,0.953,0.93
WR_008,2026-01-30,8138,120,137,0.929,0.89
WR_009,2026-01-30,10276,101,107.5,0.942,0.89
WR_010,2026-01-30,13384,85,44.8,0.934,0.99
WR_011,2026-01-30,8570,148,106.7,1,1.14
WR_012,2026-01-30,11433,137,136,1,1.26
WR_001,2026-01-31,2747,27,122.1,0.955,1.07
WR_002,2026-01-31,5545,75,105.3,0.948,1.05
WR_003,2026-01-31,4298,14,94.8,0.98,0.83
WR_004,2026-01-31,6265,36,78.2,0.961,1.03
WR_005,2026-01-31,5211,43,82.7,0.874,1.25
WR_006,2026-01-31,3851,40,127.7,0.945,0.9
WR_007,2026-01-31,8580,46,125.4,0.922,0.98
WR_008,2026-01-31,7037,72,68.3,0.922,1.2
WR_009,2026-01-31,2430,56,120.6,1,0.84
WR_010,2026-01-31,5495,25,56.5,0.967,1.16
WR_011,2026-01-31,4966,69,120.7,0.948,0.97
WR_012,2026-01-31,8532,10,111.4,0.916,0.97
WR_001,2026-02-01,5274,80,129.2,0.95,0.82
WR_002,2026-02-01,3718,56,89.4,0.926,1.07
WR_003,2026-02-01,4327,71,158.4,0.923,0.97
WR_004,2026-02-01,6315,23,80.9,0.958,1.08
WR_005,2026-02-01,5031,44,99,0.956,1.16
WR_006,2026-02-01,3908,49,107.3,1,1.13
WR_007,2026-02-01,2760,16,118.9,0.973,1.22
WR_008,2026-02-01,4005,32,88.4,0.952,1.13
WR_009,2026-02-01,6621,45,67.8,0.978,0.92
WR_010,2026-02-01,3040,42,98.1,1,0.85
WR_011,2026-02-01,4165,50,116.5,0.974,0.96
WR_012,2026-02-01,6110,59,126.6,0.994,1.05
WR_001,2026-02-02,9328,85,87.6,0.926,0.98
WR_002,2026-02-02,9745,40,102.2,0.954,1.01
WR_003,2026-02-02,7694,73,109.9,0.941,1.26
WR_004,2026-02-02,9751,67,145.2,0.953,1.04
WR_005,2026-02-02,11622,90,70.7,0.948,1
WR_006,2026-02-02,8939,78,140.6,1,0.96
WR_007,2026-02-02,8739,112,76.2,0.987,0.86
WR_008,2026-02-02,10047,95,94.7,0.941,1.21
WR_009,2026-02-02,6081,92,99,0.917,1
WR_010,2026-02-02,6123,110,105.7,0.941,1.11
WR_011,2026-02-02,11902,65,129,0.99,0.98
WR_012,2026-02-02,5894,86,101.9,0.95,1.19
WR_001,2026-02-03,7963,64,92.2,0.964,1.1
WR_002,2026-02-03,8990,90,67.2,0.976,0.96
WR_003,2026-02-03,9363,43,161.5,0.985,1.02
WR_004,2026-02-03,9797,66,106.9,0.979,1.09
WR_005,2026-02-03,9520,84,83.2,0.901,0.95
WR_006,2026-02-03,9495,110,58.9,0.996,0.74
WR_007,2026-02-03,11523,156,64.3,0.973,0.91
WR_008,2026-02-03,11962,84,144.3,0.969,0.98
WR_009,2026-02-03,6591,80,78.8,0.971,0.94
WR_010,2026-02-03,9098,53,129.8,0.934,0.95
WR_011,2026-02-03,10219,92,118.3,0.983,1.13
WR_012,2026-02-03,7523,119,128.5,0.989,1.02
WR_001,2026-02-04,9930,116,108.3,0.995,0.79
WR_002,2026-02-04,6492,83,97.6,0.95,1.04
WR_003,2026-02-04,12439,97,69.1,1,1.01
WR_004,2026-02-04,6833,80,118.1,0.953,0.89
WR_005,2026-02-04,11192,72,110.9,0.957,1.09
WR_006,2026-02-04,10727,42,90.1,0.983,1.03
WR_007,2026-02-04,11385,62,37.6,0.911,0.95
WR_008,2026-02-04,4950,94,48.7,0.96,1.26
WR_009,2026-02-04,8930,86,43.9,0.976,1.35
WR_010,2026-02-04,11034,87,161.4,0.952,0.79
WR_011,2026-02-04,7278,91,134.8,0.96,0.91
WR_012,2026-02-04,8395,86,105.5,0.929,0.79
WR_001,2026-02-05,8834,80,78.6,0.979,0.95
WR_002,2026-02-05,12740,76,63.9,1,0.88
WR_003,2026-02-05,7858,106,109.8,1,0.85
WR_004,2026-02-05,9069,69,79.1,1,1.44
WR_005,2026-02-05,7882,114,64.8,0.911,0.86
WR_006,2026-02-05,7003,67,112,0.973,1.02
WR_007,2026-02-05,8065,115,65.3,0.987,1.3
WR_008,2026-02-05,10712,55,77.7,0.962,0.95
WR_009,2026-02-05,8580,98,154,0.953,0.84
WR_010,2026-02-05,9723,83,135.3,0.961,0.77
WR_011,2026-02-05,8914,96,110.6,0.95,0.85
WR_012,2026-02-05,9572,118,129.5,0.921,1.15
WR_001,2026-02-06,11374,99,132.5,0.945,1.07
WR_002,2026-02-06,11118,75,52.7,1,1.03
WR_003,2026-02-06,7311,116,95.6,0.986,1.2
WR_004,2026-02-06,8068,87,101.6,0.954,0.81
WR_005,2026-02-06,8668,93,129.4,0.977,1.02
WR_006,2026-02-06,9578,73,66.2,0.963,1.06
WR_007,2026-02-06,10030,110,92.3,0.953,1.2
WR_008,2026-02-06,8343,118,98.9,0.937,1.03
WR_009,2026-02-06,9397,79,107,0.961,1.18
WR_010,2026-02-06,12267,117,95.9,0.981,1.23
WR_011,2026-02-06,9512,98,53.3,0.936,1.02
WR_012,2026-02-06,7750,58,15.6,0.93,1.07
WR_001,2026-02-07,7000,25,128.6,0.957,0.9
WR_002,2026-02-07,3351,28,119.9,0.925,1.15
WR_003,2026-02-07,4764,57,70.9,0.917,0.8
WR_004,2026-02-07,3506,64,80.8,0.922,1.15
WR_005,2026-02-07,5170,38,91.8,0.978,1.07
WR_006,2026-02-07,2959,44,69.8,0.968,1.22
WR_007,2026-02-07,5656,33,63.1,0.969,0.93
WR_008,2026-02-07,2504,73,95.2,1,1.01
WR_009,2026-02-07,3914,78,63.5,0.956,0.95
WR_010,2026-02-07,6122,56,28.8,0.976,1.2
WR_011,2026-02-07,5557,21,84.4,0.96,1.13
WR_012,2026-02-07,4348,76,99,1,1.09
WR_001,2026-02-08,3408,35,102.5,0.971,1.05
WR_002,2026-02-08,3942,19,75.7,0.968,0.74
WR_003,2026-02-08,6124,39,105.7,0.955,1.06
WR_004,2026-02-08,6052,14,127.7,0.99,0.82
WR_005,2026-02-08,4593,73,121.1,1,1.08
WR_006,2026-02-08,3075,84,75.1,0.883,1.27
WR_007,2026-02-08,3333,39,124.6,0.98,1.17
WR_008,2026-02-08,4790,34,50.7,0.899,1.02
WR_009,2026-02-08,5365,72,121.4,1,1
WR_010,2026-02-08,5843,48,109.7,0.896,0.94
WR_011,2026-02-08,5888,73,67.5,0.92,1.01
WR_012,2026-02-08,6952,30,92.6,0.969,1.17
WR_001,2026-02-09,6823,134,111.3,0.952,0.71
WR_002,2026-02-09,9152,81,67.5,0.979,0.95
WR_003,2026-02-09,7568,91,42.4,0.943,1.36
WR_004,2026-02-09,6706,121,151.2,0.914,0.95
WR_005,2026-02-09,11148,68,101.1,0.98,0.86
WR_006,2026-02-09,11479,70,158.4,0.92,1.21
WR_007,2026-02-09,6081,118,130.9,0.934,0.86
WR_008,2026-02-09,7081,102,102.2,0.973,0.81
WR_009,2026-02-09,10508,92,147.7,0.989,0.87
WR_010,2026-02-09,8842,126,109.8,1,1.19
WR_011,2026-02-09,7978,77,104.5,0.972,1.01
WR_012,2026-02-09,9887,95,80,0.955,0.91
WR_001,2026-02-10,10932,96,123.1,0.985,0.87
WR_002,2026-02-10,10928,91,108,0.995,1.15
WR_003,2026-02-10,7533,98,82,0.931,0.96
WR_004,2026-02-10,8958,65,89.5,0.911,1.05
WR_005,2026-02-10,6959,113,117.8,0.926,0.96
WR_006,2026-02-10,7587,50,160,0.985,1.01
WR_007,2026-02-10,6587,111,76.1,0.993,0.9
WR_008,2026-02-10,6647,112,136.9,1,1.22
WR_009,2026-02-10,9043,70,74.9,0.909,0.82
WR_010,2026-02-10,7956,88,73.7,1,0.95
WR_011,2026-02-10,5038,83,70.6,0.925,0.96
WR_012,2026-02-10,5773,139,73.5,0.895,1.07
WR_001,2026-02-11,7454,83,144.1,0.947,1.01
WR_002,2026-02-11,11807,88,68.8,0.974,0.77
WR_003,2026-02-11,9830,61,84.9,0.975,0.74
WR_004,2026-02-11,7046,89,101.5,0.995,1.18
WR_005,2026-02-11,8399,110,113.5,0.945,0.88
WR_006,2026-02-11,5911,87,132,0.945,0.81
WR_007,2026-02-11,4907,66,131.2,0.974,1.04
WR_008,2026-02-11,7698,116,116.5,0.97,0.91
WR_009,2026-02-11,6922,82,80,0.967,1.05
WR_010,2026-02-11,6393,114,77.4,0.999,1.18
WR_011,2026-02-11,10262,124,49.8,0.981,0.86
WR_012,2026-02-11,5567,86,84.9,1,1.13
WR_001,2026-02-12,4405,121,114.2,0.943,1.07
WR_002,2026-02-12,6750,73,131.1,0.919,0.96
WR_003,2026-02-12,6964,101,108.4,0.953,1.14
WR_004,2026-02-12,8709,118,71.6,0.992,1.08
WR_005,2026-02-12,11407,110,92.3,0.925,0.89
WR_006,2026-02-12,11145,77,66.7,0.954,1.24
WR_007,2026-02-12,14398,81,128.8,0.939,1.05
WR_008,2026-02-12,12184,107,157.3,0.957,1.27
WR_009,2026-02-12,8752,73,96,0.989,1.29
WR_010,2026-02-12,8714,78,173.9,0.933,1.12
WR_011,2026-02-12,8552,118,91.1,0.954,0.96
WR_012,2026-02-12,9376,104,88,0.958,1.01
WR_001,2026-02-13,7741,88,62.8,0.939,0.98
WR_002,2026-02-13,8619,100,115.2,0.955,1.14
WR_003,2026-02-13,5140,120,78.8,0.973,0.9
WR_004,2026-02-13,10793,85,42.6,0.993,0.63
WR_005,2026-02-13,5727,131,69.4,1,0.87
WR_006,2026-02-13,10221,85,92.8,0.963,0.97
WR_007,2026-02-13,9283,92,222,0.976,1.09
WR_008,2026-02-13,3857,83,105.1,0.966,1.1
WR_009,2026-02-13,10368,137,72.4,0.965,0.89
WR_010,2026-02-13,9792,63,123.9,0.975,0.89
WR_011,2026-02-13,10649,84,130.9,0.934,1.18
WR_012,2026-02-13,6048,83,119.6,0.918,1.11
WR_001,2026-02-14,4091,44,106.2,0.906,0.94
WR_002,2026-02-14,4329,15,71,0.99,0.96
WR_003,2026-02-14,6077,28,103.4,0.963,0.97
WR_004,2026-02-14,5394,64,116.6,0.939,0.96
WR_005,2026-02-14,2632,40,144.6,0.986,0.79
WR_006,2026-02-14,3011,65,123.5,1,1
WR_007,2026-02-14,5812,38,112.9,0.921,0.95
WR_008,2026-02-14,4695,44,126.8,0.95,0.89
WR_009,2026-02-14,5437,54,59.3,0.969,1.15
WR_010,2026-02-14,6201,35,23.6,0.961,1.17
WR_011,2026-02-14,4271,58,92.6,0.975,1.07
WR_012,2026-02-14,3690,49,114.2,0.949,0.92
WR_001,2026-02-15,5646,48,121.7,0.98,1.03
WR_002,2026-02-15,2896,30,103.1,0.931,1.27
WR_003,2026-02-15,6842,6,127.1,0.97,0.97
WR_004,2026-02-15,3670,26,79.7,0.935,0.75
WR_005,2026-02-15,5073,31,102.1,1,0.78
WR_006,2026-02-15,5237,34,72.4,0.952,1.16
WR_007,2026-02-15,5633,9,69.2,1,1.26
WR_008,2026-02-15,3592,46,121.3,0.97,0.76
WR_009,2026-02-15,3672,48,113.7,0.944,0.9
WR_010,2026-02-15,4292,83,134.8,0.995,1.11
WR_011,2026-02-15,3736,38,103.6,0.989,0.88
WR_012,2026-02-15,4132,25,139.6,0.952,1.13
WR_001,2026-02-16,6765,62,65.2,0.925,1.17
WR_002,2026-02-16,3096,107,102.8,0.994,0.85
WR_003,2026-02-16,8542,70,80.5,0.957,1.02
WR_004,2026-02-16,7227,99,57,0.952,0.87
WR_005,2026-02-16,7687,145,90.5,0.966,1.11
WR_006,2026-02-16,6252,29,108.8,0.979,0.98
WR_007,2026-02-16,5745,85,65.6,0.919,1.18
WR_008,2026-02-16,9798,98,91.8,0.934,1.06
WR_009,2026-02-16,9354,72,114.5,0.974,1.23
WR_010,2026-02-16,8246,33,121.6,0.941,1.07
WR_011,2026-02-16,8896,68,40,0.995,1.02
WR_012,2026-02-16,6482,72,111.7,0.934,1.05
WR_001,2026-02-17,8766,85,91.2,0.991,1
WR_002,2026-02-17,11113,79,129.8,0.986,1.04
WR_003,2026-02-17,6266,68,74.9,0.967,1.07
WR_004,2026-02-17,5701,107,119.9,0.961,1.04
WR_005,2026-02-17,10644,35,134.1,0.993,0.84
WR_006,2026-02-17,6930,102,116.3,0.954,0.9
WR_007,2026-02-17,4811,78,76.5,0.93,0.87
WR_008,2026-02-17,10559,88,67.8,0.915,0.71
WR_009,2026-02-17,9260,100,103.8,0.955,0.86
WR_010,2026-02-17,5588,85,102.1,0.978,1.04
WR_011,2026-02-17,7756,82,78.4,0.961,0.93
WR_012,2026-02-17,13390,95,131.9,0.939,1.05
WR_001,2026-02-18,7781,100,109.2,0.973,1.22
WR_002,2026-02-18,8862,86,142.7,0.885,0.91
WR_003,2026-02-18,8561,81,66.2,0.93,0.92
WR_004,2026-02-18,6303,106,52.1,0.929,0.79
WR_005,2026-02-18,10901,42,99.1,1,0.84
WR_006,2026-02-18,4314,60,70.1,0.995,1.15
WR_007,2026-02-18,8927,77,91.6,0.972,0.8
WR_008,2026-02-18,9757,117,103.6,0.991,1.1
WR_009,2026-02-18,8453,104,82.6,0.978,0.98
WR_010,2026-02-18,10486,87,129.7,0.994,1.02
WR_011,2026-02-18,12638,135,94.5,0.895,1.29
WR_012,2026-02-18,10296,95,145.7,0.994,1.16
WR_001,2026-02-19,7914,92,105.4,1,0.94
WR_002,2026-02-19,6767,113,100.4,0.989,0.88
WR_003,2026-02-19,10332,78,52.9,0.952,0.85
WR_004,2026-02-19,3483,84,120.2,0.898,0.7
WR_005,2026-02-19,8509,66,96.4,0.959,0.78
WR_006,2026-02-19,8954,115,69.7,0.957,1.31
WR_007,2026-02-19,5372,124,71,0.961,0.74
WR_008,2026-02-19,11308,82,97.4,0.954,0.9
WR_009,2026-02-19,10107,79,59.1,0.904,0.93
WR_010,2026-02-19,10551,98,122.3,0.956,1.21
WR_011,2026-02-19,5601,116,127.3,0.973,0.79
WR_012,2026-02-19,9482,61,155.8,0.972,0.91
WR_001,2026-02-20,11145,79,94.3,0.946,1.03
WR_002,2026-02-20,6751,104,49,0.923,1.17
WR_003,2026-02-20,6736,64,92.5,0.966,0.81
WR_004,2026-02-20,9014,63,114,0.939,0.82
WR_005,2026-02-20,7154,72,104.3,0.958,0.91
WR_006,2026-02-20,8277,90,91.7,0.992,0.91
WR_007,2026-02-20,10416,79,105,0.935,0.9
WR_008,2026-02-20,8546,88,128.4,0.971,0.83
WR_009,2026-02-20,9288,90,40.8,0.935,1.03
WR_010,2026-02-20,10260,85,79.6,0.998,0.92
WR_011,2026-02-20,7706,64,85.1,0.962,1.08
WR_012,2026-02-20,10537,69,78.2,0.953,1.09
WR_001,2026-02-21,5862,39,104.1,0.907,1.2
WR_002,2026-02-21,6040,17,130.5,0.954,0.86
WR_003,2026-02-21,6059,55,103.3,0.938,0.73
WR_004,2026-02-21,6702,27,145.1,0.982,1.06
WR_005,2026-02-21,5283,40,64.2,0.961,0.97
WR_006,2026-02-21,4674,12,82.8,0.974,0.61
WR_007,2026-02-21,6303,44,121.7,0.984,0.75
WR_008,2026-02-21,3932,31,132.7,0.93,0.87
WR_009,2026-02-21,4301,43,92.8,0.923,0.96
WR_010,2026-02-21,5526,49,125.9,0.989,1.11
WR_011,2026-02-21,5140,18,114.7,0.944,0.73
WR_012,2026-02-21,3881,53,122.5,1,0.81
WR_001,2026-02-22,4262,94,124.4,0.921,1.24
WR_002,2026-02-22,6514,0,111.6,1,1.12
WR_003,2026-02-22,6428,75,83.8,1,0.89
WR_004,2026-02-22,4099,42,34,1,1.03
WR_005,2026-02-22,6461,75,128.1,0.995,0.91
WR_006,2026-02-22,1558,40,152,0.995,0.92
WR_007,2026-02-22,3271,60,126.8,0.981,0.92
WR_008,2026-02-22,4797,37,102,0.957,1.19
WR_009,2026-02-22,3838,55,36.9,0.942,1.09
WR_010,2026-02-22,5869,60,108.4,0.93,1.02
WR_011,2026-02-22,2841,65,119.9,0.971,1.11
WR_012,2026-02-22,3898,28,114.8,1,1.09
WR_001,2026-02-23,9957,48,75.1,0.933,1.22
WR_002,2026-02-23,8268,85,93.4,0.963,0.78
WR_003,2026-02-23,8573,60,69.1,0.968,1.04
WR_004,2026-02-23,9635,111,81.5,0.965,0.96
WR_005,2026-02-23,8021,110,70.2,0.953,1.18
WR_006,2026-02-23,10105,91,95.3,0.951,1.22
WR_007,2026-02-23,6092,33,124.1,0.907,1.19
WR_008,2026-02-23,6574,90,95.9,0.986,1.07
WR_009,2026-02-23,10783,105,81.2,1,0.89
WR_010,2026-02-23,9985,128,62.2,0.975,0.88
WR_011,2026-02-23,5768,132,99.8,0.971,0.86
WR_012,2026-02-23,6300,105,86.6,0.961,0.86
